Address
60 JALAN PENJARA KAY SIANG NURSERY  SINGAPORE 149375  
BLK153 BUKIT BATOK STREET 11 #03-292 SINGAPORE 650153  
48 TOH GUAN ROAD EAST #06-98/100 ENTERPRISE HUB SINGAPORE 608586 
2 AYER RAJAH CRESCENT SINGAPORE 139935   
20 KAKI BUKIT ROAD 2 SINGAPORE 417841  
8 TUAS SOUTH STREET 12 SINGAPORE 637088  
"17, SUNGEI KADUT STREET 3,  SUNGEI KADUT INDUSTRIAL ESTATE,  SINGAPORE 729148 "
"100 PASIR PANJANG ROAD #06-05, 100 PASIR PANJANG, SINGAPORE 118518 "
"43 THAICC TOWER,ROOM NO.342, 34TH FLOOR,SOUTH SATHORN ROAD, YANNAWA, SATHORN, BANGKOK 10120 THAILAND"
362 UPPER PAYA LEBAR ROAD #03-12 DA JIN FACTORY BUILDING  SINGAPORE 534963 
9 PIONEER SECTOR 2 #03-00 SINGAPORE 628371  
25 SENOKO AVE SINGAPORE 758311  
20 ARUMA STREET (P.O. BOX 2421) REGENCY PARK SA 5010 AUSTRALIA 
"TECHNOLOGIES (Singapore) PTE LTD 25 Benoi Lane, Singapore 627800  "
110 ARAB ST SINGAPORE 199806   
47 GUL DRIVE SINGAPORE 629494  
"3 TAMPINES CENTRAL 1 #02-03, ABACUS PLAZA SINGAPORE 529540 "
71 BUKIT BATOK CRESCENT #06-11 SINGAPORE 658071  
"OFFICE #105, 1ST FLOOR, BUILDING #514 BHOUSHER, NEAR AL AMIN MASJID MUSCAT SULTANATE OF OMAN "
"BLK 20, WOODLANDS LINK #04-21 WOODLANDS EAST INDUSTRIAL ESTATE SINGAPORE 738733 "
"84, GENTING LANE, #05-05 CITYNEON DESIGN CENTRE SINGAPORE 349584 "
"THE GARDEN CENTRE OFFICE BUILDING - SUITE 602 CILANDAK COMMERCIAL ESTATE, JAKARTA SELATAN,  INDONESIA. "
BLK 3017 UBI ROAD 1 #02-131 SINGAPORE 408708   
"20, JALAN BUROH, JURONG INDUSTRIAL EST, SINGAPORE 619477  "
"20 PROMISHLENNAYA STREET KHABAROVSK,  680009 RUSSIAN FEDERATION "
PFINGSTANGER 7 37412 HERZBERG AM HARZ GERMANY  
25 TUAS AVENUE 4 SINGAPORE 639375  
"9, TIAN BAO RD WEST CITY INDUSTRY ZONE, CHAN CHENG DISTRICT, GUANGDONG 528000 CHINA "
"WISMA ANN JOO LOT 19391 BATU 8 1/2, JALAN KLANG LAMA SELANGOR 46000 MALAYSIA"
"WISMA ANN JOO LOT 19391 BATU 8 1/2, JALAN KLANG LAMA MALAYSIA PETALING JAYA 46000 "
"1 Fusionopolis Link,  Nexus @ One-North,  #02-01, Singapore 138542 "
"4 LOYANG WAY 1 , SINGAPORE 508708  "
46 TUAS ROAD SINGAPORE 638499  
61 UBI ROAD 1  OXLEY BIZHUB #04-01 SINGAPORE 408727 
10 UBI CRESECENT #04-21  UBI TECHPARK LOBBY B  SINGAPORE  
511 KAMPONG BAHRU ROAD #04-06 KEPPEL DISTRIPARK SINGAPORE 099447 
120 SAHAR CARGO ESTATE V M SHAH MARGIN J B NAGAR ANDHERI EAST MUMBAI 400099 INDIA
"151 CHIN SWEE ROAD #10-02/04, MANHATTAN HOUSE SINGAPORE 169876 "
58 TUAS BASIN LINK SINGAPORE 638774  
7 GAMBAS CRESCENT #08-11 ARK@GAMBAS SINGAPORE 757087  
22 BENOI ROAD SINGAPORE 629892  
6 SHENTON WAY #23-08 OUE DOWNTOWN 2 SINGAPORE 068809  
"76 Tagore Lane, Singapore 787499   "
8 TUAS SOUTH STREET 12 SINGAPORE 637088  
"SINGAPORE, 50 TUAS AVENUE 11, #03-31, SINGAPORE 639107  "
"OFFICE NO.002, GROUND FLOOR, P-2  WING PENTAGON TOWER, MAGARPATTA CITY, HADAPSAR,PUNE-411028, MAHARASHTRA, INDIA"
1 Bukit Batok Crescent  #08-45 Wcega Plaza  Singapore 658064  
1 Bukit Batok Crescent #08-57 Wcega Plaza Singapore (658064)  
"NO.153, MG THAN RD, SHWE LIN BAN INDUSTRIAL CITY, HLAINGTHARYAR T/S,  YANGON, MYANMAR "
265 SERANGOON CENTRAL DRIVE #02-269 SINGAPORE 550265  
"OFFICE #404, OUD MEHTA BUILDING BEHIND CITIBANK DUBAI UAE "
7 RAWLINSON ST O'CONNOR WA 6163 PO Box 50 Hamilton Hill   WA 6163 Australia 
"SCIENTIA BUSINESS PARK, TOWER II, 2ND FLOOR JL. BOULEVARD GADING SERPONG BLOK O/2 TANGERANG 15810 INDONESIA"
"13 KAKI BUKIT ROAD 4,  #01-22 BARTLEY BIZ CENTRE,  SINGAPORE 417807 "
"OBVODNY CHANNEL #93, LITER A, BUSINESS CENTRE ''NEPTUN'' PETERSBURG, OFFICE 6/5  191119 SAINT "
33 UBI AVENUE 3 #08-57 VERTEX  BUILDING  SINGAPORE 408868 
NAUJOJI UOSTO G.8A-15 KLAIPEDA LT92119 LITHUANIA   
"SUITE 2104,TOWER B,FORTUNE CENTER, BEIYUAN ROAD,CHAOYANG DISTRICT, BEIJING,CHINA "
865 MOUNTBATTEN ROAD #05-06 SINGAPORE 437844  
"DEA TOWER II,LANTAI 7,SUITE 703,JI,MEGA KUNINGAN  BARAT, KAV E4.3, NO.1-2, 12950 JAKARTA SELATAN, INDONESIA "
22 SIN MING LANE #06-76 MIDVIEW CITY SINGAPORE 573969 
200 CANTONMENT ROAD #13-05 SOUTHPOINT SINGAPORE 089763 
"P.O. Box C91, Honiara, Solomon Islands   "
"AV MOHAMED 5, IMM MATHIS 571, BLOC A 2EME ETAGE SOUISSI,RABAT,MOROCCO  "
"KM 12, ABA EXPRESS ROAD BY ELEME JUNCTION PORT HARCOURT, RIVER STATE,  NIGERIA POSTAL CODE 67200 "
189 FANYANG XI ROAD ZHUOZHOU CITY HEBEI PROVINCE  P.R CHINA  
"NO. 11, ROSE GARDEN, 27TH QUARTER, NORTH DAGON TOWNSHIP, YANGON, MYANMAR  "
"Lot 1464,Lorong 2A,Off Jalan Pujut 3,98000 Miri Serawak  "
10 ANSON ROAD #27-06A INTERNATIONAL PLAZA SINGAPORE 079903 
10 ANSON ROAD #27-06A INTERNATIONAL PLAZA SINGAPORE 079903 
"LOT5475, SIMPANG 68, KERMA NEGARA KUALA BELAIT, KA1931,BRUNEI DARUSSALAM  "
#NAME?
"GAMA Tower Lt. 17 Unit CDEF Jl.H.R Rasuna Said Kav. C-22 Karet Kuningan,  Setiabudi, Jakarta Selatan 12940 Indonesia "
10 ANSON ROAD #27-06A INTERNATIONAL PLAZA SINGAPORE 079903 
"AUXILIARY BUILDING B5 FLOOR, CNPC TIANJIN TOWER NO 83 SECOND AVENUE TEDA TIANJIN CHINA "
"HOUSE #6 HILL ROAD F-6/3 ,ISLAMABAD PAKISTAN  "
"JL RAYA BEKASI KM 27 PEJUANG - MEDAN SATRIA, BEKASI - 17131 INDONESIA "
"RM 2503 BANK OF AMERICA TOWER 12 HARCOURT ROAD,CENTRAL HONGKONG  "
"LOT 3055, JALAN SUNGAI NYIGU PO BOX 2358 97011 BINTULU, SARAWAK "
21 UBI ROAD 1 #06-01 SINGAPORE 408724   
21 UBI ROAD 1 #06-01 SINGAPORE 408724  
"VANTERPOOL PLAZE, 2ND FLOOR WICKHAMS CAY 1, ROAD TOWN TORTOLA  "
79 TECH PARK CRESCENT  SINGAPORE 638068  
"Dept. of Geological Sciences 324 Brook St. BOX 1846 Providence, RI 02912  "
"NO.10, SPG 466, JALAN BERIBI, BANDAR SERI BEGAWAN, BE1118, BRUNEI DARRUSALAM "
31 JURONG PORT ROAD #06-04/05 SINGAPORE 619115 
31 TUAS VIEW CLOSE SINGAPORE 637469  
"31 Tuas Ave 8, Singapore 639245   "
701 SIMS DRIVE LHK BLDG #04-03 SINGAPORE 387383   
NO.15 WOODLANDS SECTOR 1 SINGAPORE 738355  
31 TUAS AVE 8 SINGAPORE 639245  
"302, Orchard Road #06-03A Tong Building Singapore 238862 "
"COGENT 1. LOGISTICS HUB, 1 BUROH CRESCENT, #6M-01, SINGAPORE 627545 "
61 KAKI BUKIT AVENUE 1 #05-04 SHUN LI INDUSTRIAL PARK SINGAPORE 417943 
15 TUKANG INNOVATION DRIVE SINGAPORE 618299   
PARTS DISTRIBUTION CENTRE RECEIVING DOOR A  BUILDING C1 PECKLETON LANE DESFORD LEICESTER LE9 9JU UK 
3501 N.FM HWY 1417 DENISON TX 75020 UNITES STATES 
ASIA DISTRIBUTION CENTRE 14 TRACTOR ROAD SINGAPORE 627973 
ASIA DISTRIBUTION CENTER 14 TRACTOR ROAD SINGAPORE 627973 
NO.7 TRACTOR ROAD SINGAPORE 627968  
"NO. 58 QIMING ROAD, EXPORT PROCESSING ZONE B, SUZHOU INDUSTRIAL PARK SUZHOU 215121, JIANGSU, P.R. CHINA "
29 TEMBUSU AVENUE SINGAPORE 627535  
"12 NEYTHAL ROAD, JURONG SINGAPORE 628578  "
"1 SIMS LANE #05-04, ONE SIMS LANE SINGAPORE 387355 "
GEDUNG TMT 1 LT.3 SUITE 301 JL CILANDAK KKO NO 1 - CILANDAK TIMUR JAKARTA 12560 INDONESIA 
33 UBI AVENUE 3 #05-05 VERTEX  SINGAPORE 408868  
3 JALAN SAMULUN  SINGAPORE 629127  
"116, CHANGI ROAD, #03-12, WIS@CHANGI  SINGAPORE 419718 "
7 TUAS AVENUE 2 SINGAPORE 639447  
"7K ROOM,MAPLE PLAZA,NANSHA AVENUE NANSHA DISTRICT,SHENZHEN,CHINA  "
"21 BUKIT BATOK CRESCENT, 19-73 WCEGA TOWER,  SINGAPORE 658065.  "
(SINGAPORE) BRANCH 21 BUKIT BATOK CRESCENT #19-73 WCEGA TOWER SINGAPORE 658065 
   
"SUITE 22, ANSAR BIZ CENTER LOT1B, PODIUM 1, MENARA ANSAR 65, JLN Trus, Johor Bahru "
"GEDUNG TMT 1, LANTAI 7 SUITE 701 JL CILANDAK KKO NO.1 JAKARTA SELATAN "
"6, CHANGI SOUTH STREET 2, #01-01, SINGAPORE 486349  "
23 TUAS AVENUE 2 SINGAPORE 639454  
23 TUAS AVENUE 2 SINGAPORE 639454  
"40A ORCHARD ROAD,  #07-01 MACDONALD HOUSE SINGAPORE 238838 "
"173 SOUTH SATHORN ROAD, 23RD FLOOR ASIA CENTER  TOWER, THUNGMAHAMEK, SATHORN, BANGKOK 10120,  THAILAND "
172 KEWDALE ROAD KEWDALE WA6105 AUSTRALIA 
1 FIFTH AVENUE #04-04/05 GUTHRIE HOUSE SINGAPORE 268802 
"Blk 51, Ayer Rajah Crescent #03-03, Ayer Rajah Industrial Estate Singapore 139948 "
"27 PENJURU LANE, C & P LOGISTICS HUB 2,  #01-01 (BAY 8), SINGAPORE 609195.  "
70-74 SPINGBANK STREET TULLAMARINE  
100 GUL CIRCLE  SINGAPORE 629586  
"1310 W SAM HOUSTON PKWY N HOUSTON, TEXAS  "
"ROOM1015,10/F, TOWERCREST PLAZA,  NO.3 MAIZIIDIAN WEST ROAD, CHOAYANG,DISTRICT,BEIJING "
81 UBI AVE 4 UB ONE #08-13 SINGAPORE 408830   
"NO.8, TAIYANGGONG, JINXINGYUAN, CHAOYANG DISTRICT, BEIJING, CHINA  "
"91, TUAS BAY DRIVE, #02-00, USHA MARTIN BUILDING, SINGAPORE 637307 "
21 BUKIT BATOK CRESCENT #22-70 WCEGA TOWER SINGAPORE 658065 
30 LOYANG WAY #04-03/04/05 (LOBBY B) LOYANG INDUSTRIAL ESTATE SINGAPORE 508769 
"COMERT SOK YAPI KREDI PLAZA C BLOCK K. 19 D.45 LEVENT BESIKTAS 34394 ISTANBUL, TURKEY "
9 CHANGI SOUTH STREET 3 #01-03 SINGAPORE 486361  
621 ALJUNIED ROAD LIPO BUILDING #06-05 SINGAPORE 389834  
BOX 940 AIRMAIL TRANSIT CENTRE SINGAPORE 918115 (ABOVE IS BILLING ADD) 7 AIRLINE ROAD CARGO AGENTS BUILDING E #02-22 SINGAPORE 819834
2 TOH GUAN ROAD EAST #03-02B SINGAPORE 608832 
NO. 48 PANDAN LOOP SINGAPORE 128264  
BLK 302 TOPS AVE 3 #01-05 LOYANG OFFSHORE  SUPPLY BASE 25B LOYANG CRESCENT SINGAPORE 506817  
"10 EUNOS ROAD 8, #13-04 SINGAPORE POST CENTRE, SINGAPORE 408600 "
"LOT NO.2932(C),SIMPANG 78, JALAN MAULANA,  KUALA BELAIT, KA1132,BRUNEI  "
80 MARINE PARADE ROAD #10-02 PARKWAY PARADE ROAD SINGAPORE (449269) 
119 NEYTHAL ROAD SINGAPORE 628605  
50 Airport Boulevard Singapore Changi Airport Singapore 819658 
158A GUL CIRCLE SINGAPORE 629616   
"2075 S.PIONEER ROAD, SUITE B SALT LAKE CITY,  UT 84104  "
"42 BENOI ROAD, JURONG   "
33 TUAS CRESCENT SINGAPORE 638722   
Jl. Letjend Soeprapto No.32 Sei Raya Meral Karimun Kepulauan Riau - Indonesia 29661  
NO.3 PANDAN ROAD  SINGAPORE 609255  
"47 SCOTTS ROAD, #17-02 GOLDBELL TOWERS SINGAPORE 228233  "
NO. 51 SOI ONNUT 70/1 YAK2 PRAWET DISTRICT PRAWET BANGKOK 10250  
923 BUKIT TIMAH ROAD  #02-07 THE CASCADIA SINGAPORE 589639 
21 GUL AVENUE JURONG TOWN SINGAPORE 629661 
"192, PANDAN LOOP #04-09  PANTECH BUSINESS HUB SINGAPORE 128381 "
"48 TOH GUAN ROAD EAST #08-107, SINGAPORE 608586  "
"Wcega Plaza, 1 Bukit Batok Crescent, #04-47, Singapore 658064  "
NO 7 TOH GUAN ROAD EAST #07-09 ALPHA INDUSTRIAL BUILDING SINGAPORE 608599 
"10, BUKIT BATOK CRESCENT, #12-05, THE SPIRE,  SINGAPORE 658079 "
23 NEYTHAL ROAD  BLK B #06-04 SINGAPORE 628588  
81 TOH GUAN ROAD EAST #03-01 SECOM CENTRE  SINGAPORE 608606 
"34-36, PARC D'ACTIVITIES CAPELLEN L-8308 CAPELLEN LUXEMBOURG "
"5/F,Zhengzhang Mansion, No.165 Shuangliao Road, Yangpu District Shanghai 200092, P.R.CHINA. "
"Blk 51, Ayer Rajah Crescent #03-03, Ayer Rajah Industrial Estate Singapore 139948 "
"ROOM311-315, BLDG B1, NO.428 WUBAO, ROAD, SHANGHAI, CHINA  "
"2010 WINSTON PARK DR.,SUITE 200 OAKVILLE, ON., CANADA L6H 5R7  "
"7 SANCROX ROAD, PACIFIC HIGHWAY WAUCHOPE  "
8 TUAS SOUTH STREET 12 SINGAPORE 637088  
"NO.24A JALAN MAWAR 46, TAMAN MAWAR, 81700 PASIR GUDANG, JOHOR  "
9 PANDAN ROAD (1ST FLOOR)  SINGAPORE 609257  
BLK 205 PETIR ROAD #04-599 SINGAPORE 670205 
"DD362 LOT 30 TSING CHAU TSAI SHIPYARD, LANTAU ISLAND N T, HONG KONG  "
"13 RUE RAYMOND TEISSERE, 13008 MARSEILLE, FRANCE   "
"2 VENTURE DRIVE, #08-01 VISION EXCHANGE, SINGAPORE 608526 "
138 CECIL STREET #08-03 CECIL COURT SINGAPORE 069538 
9 PANDAN ROAD (1ST FLOOR) SINGAPORE 609257  
"LANGER KORNWEG 34 D,  65451 KELSTERBACH  "
"AMBASSADOR ROW SERVICED SUITES 1 JALAN AMPANG HILIR 55000, KUALA LUMPUR MALAYSIA"
"PLAZA 89, 6TH FLOOR,  JL. HR. RASUNA SAID KAV. X-7 NO. 6 JAKARTA 12940 INDONESIA "
Ruko Marinatama Manggadua blok b no.20  Jl. Gunung Sahari Raya - Jakarta Utara 14420 Indon  
442 ORCHARD ROAD #03-01 SINGAPORE 238879  
"2-3-8, DOJIMA, KITA-KU DOJIMA FUYO BLDG. OSAKA, OSAKA, 530-0003  JAPAN "
"80 Anson Road, #06-01,  Fuji Xerox Towers,  Singapore 079907 "
"AG HEADQUARTERS ST. ALBAN-RING 254 P.O. BOX CH-4020 BASEL,  SWITZERLAND "
"WEST CONNECT BUIDLING 10, BUROH STREET, #06-42 SINGAPORE 627564 "
"1 KIM SENG PROMENADE, #13-01 TO 03, GREAT WORLD CITY EAST, SINGAPORE 237994 "
5 KWONG MIN ROAD  SINGAPORE 628708  
"184/100-101, FORUM TOWER, ROOM C4-C5, 19TH FLOOR RACHADEPISEK ROAD, HUAYKWANG, BANGKOK 10310 THAILAND "
63 JALAN PEMIMPIN #01-09 PEMIMPIN INDUSTRIAL BUILDING SINGAPORE 577219 
"16, PENJURU CLOSE, SINGAPORE 608612  "
64D KALLANG PUDDING ROAD #03-00 WEE TIONG BUILDING SINGAPORE 349323 
"627A, ALJUNIED ROAD, #10-02 BIZTECH CENTRE, SINGAPORE 389842  "
19 JURONG PORT ROAD SINGAPORE 619093  
MIDDLE SICHUANZHONG ROAD NO.181 ROOM 301 SHANGHAI CHINA  
"16 BRANSTON STREET  CHRISTCHURCH 8042, NEW ZEALAND  "
"7 HARRISON ROAD #04-01, HARRISON INDUSTRIAL BUILDING, SINGAPORE 369650 "
"5 YISHUN INDUSTRIAL STREET 1  #05-01, NORTH SPRING BIZHUB, SINGAPORE 768161 "
"VIALE GIUSEPPE DEGENNARO, 1, 70132 BARI, ITALY  "
NO 151 CHIN SWEE RD #03-20 MANHATTAN HOUSE SINGAPORE 169876 
Blk 439A Seng Kang West Ave  #17-323 Singapore 791439 
"#137-130 HAEIN BUILDING 392-6 YANGJAI-DONG SEOCHO-GU, SEOUL, KOREA  "
C/O ORSTED SEMBAWANG SHIPYARD  60 ADMIRALITY ROAD WEST GATE 1 PROJECT OFFICE 10 
23 GUL ROAD SINGAPORE 629356  
111 NORTH BRIDGE ROAD #21-02 PENINSULA PLAZA  SINGAPORE 179098 
"P.O. BOX 877 HIBBING,  MN 55746  "
28 JALAN BUROH SINGAPORE 619484  
SINGAPORE BRANCH NO.6 SUNGEI KADUT AVE #01-01 SINGAPORE 729643
"AND PACIFIC PTE LTD 2 Pioneer Walk, Singapore 627856  "
"8 BOON LAY WAY TRADEHUB 21, #07-06 SINGAPORE 609964  "
NO C 16/F CHINAWEAL CTR 414-424 JAFFE RD WANCHAI  
"NO. 1 LORONG 7/3A  Kawasan Perindustrian Seri Kembangan 43300 Seri Kembangan, Selangor, Malaysia "
10 TOH GUAN ROAD EAST HITACHI ELEVATOR BUILDING SINGAPORE 608597 
"8 BOON LAY WAY, TRADEHUB 21, #07-06 SINGAPORE 609964  "
"8 TEMASEK BOULEVARD, SUNTEC TOWER 3, #34-03 SINGAPORE 038988  "
"1, YISHUN INDUSTRIAL STREET 1 #06-20 A'POSH BIZHUB SINGAPORE 768160 "
19 GUL CRESCENT SINGAPORE 629528  
"ROOM 2001, BUILDING 2, NO. 111 GAOYI ROAD, BAOSHAN DISTRICT, SHANGHAI, THE PRC  "
"48, TOH GUAN ROAD EAST #09-116/117, ENTERPRISE HUB SINGAPORE 608586 "
1 YISHUN INDUSTRIAL STREET 1 #06-22 A’POSH BIZHUB SINGAPORE 768160 
"ZOOMLION TECH PARK NO.361 YINPEN SOUTH ROAD, CHANGSA "
26 SUNGEI KADUT STREET 3 SINGAPORE 729153  
685 CHANGI ROAD SINGAPORE 419962   
"TRAUNUFERSTRASSE 92, 4052 ANSFELDEN, OSTERREICH  "
"31 MANDAI ESTATE #02-05, INNOVATION PLACE SINGAPORE 729933 "
"10 UBI CRESCENT #07-67, UBI TECHPARK SINGAPORE 408564 "
NO.39 DUXTON HILL  SINGAPORE 089617  
89 SHORT STREET HEX #10-10 GOLDEN WALL CENTRE SINGAPORE 188216 
"350 N. GLENOAKS BLVD SUITE #200, BURBANK CA 91502 "
"KINDO SQUARE BLOCK C-7 JL DUREN TIGA RAYA, NO 101 DUREN TIGA, PANCORAN JAKARTA SELATAN, 12760, INDONESIA "
107 GUL CIRCLE #01-01 SINGAPORE 629593 
GRUENER DEICH 15  20097 HAMBURG GERMANY 
LEVEL 5 MOGORU MOTO BUILDING CHAMPION PARADE PO BOX - 922 PORT MORESBY NATIONAL CAPTITAL  DISTRICK  
Lot 775 Jalan Subang 4 Kawasan Perusahaan Sungai P 47500 Subang Jaya Selangor Darul Ehsan Malaysia. 
SOROWAKO SULAWESI SELATAN  
"232 TUAS SOUTH AVENUE 2 ,WEST POINT BIZHUB SINGAPORE 637221  "
"JL, RAYA CAKUNG CILINCING RT. 005 RW. 010 SEMPER TIMUR CILINCING, JAKARTA UTARA, 14130 INDONESIA"
"JL. MULAWARMAN NO.6 RT.028/09. KALIMANTAN TIMUR 76116 MANGGAR BALIKPAPAN, INDONESIA "
"JL RAYA CAKUNG CILINCING KM,3.5 RT.005RW.010. SEMPER TIMUR,CILINCING JAKARTA UTARA 14130  INDONESIA "
"140 Paya Lebar Road #07-02, AZ@Paya Lebar, Singapore  "
"6 HARPER ROAD, LEONG HUAT BUILDING, #05-05, SINGAPORE 369674 "
"31 BUKIT BATOK CRESCENT, #01-22 THE SPLENDOUR, SINGAPORE 658070  "
"190 WOODLANDS INDUSTRIAL PARK E5,  #04-14/15 WOODLANDS BIZ HUB SINGAPORE 757516 "
51 CHANGI BUSINESS PARK CENTRAL 2 #03-11 THE SIGNATURE  SINGAPORE 486066 
1 TUAS BAY CLOSE #04-04 LINER SINGAPORE 636997 
57 JALAN PEMIMPIN SINGAPORE 577216 ATTN :  ESTA PANG 
72 Eunos Avenue 7 #03-06A Singapore Handicrafts Building Sinapore 409570 UEN:201200524M
"TRAGEL 60 , 9308 HOFSTADE,  BELGIUM VAT: BE 0406 041 406"
"400, ORCHARD ROAD, #18-06, ORCHARD TOWERS,  SINGAPORE 238875  "
"21 TOH GUAN ROAD EAST, TOH GUAN CENTRE #06-01 SINAGPORE 608609 "
"LOYANG OFFSHORE SUPPLY BASE 23 LOYANG CRESCENT,TOPS STREET 22, #01-06 SINGAPORE 508986 "
13 TUAS CRESCENT SINGAPORE 638707  
50 COLLYER QUAY #04-04 OUE BAYFRONT SINGAPORE 049321  
"NO. F02-06, JALAN HARMONIUM 24/2, TAMAN DESA TEBRAU, 81100 JOHOR BAHRU, WEST MALAYSIA "
3 ANG MO KIO STREET 62 #02-05B SINGAPORE 569139  
"40A ORCHARD ROAD, #07-01 MACDONALD HOUSE SINGAPORE 238838 "
"CYBER WORLD TOWER A,  32ND FLOOR 90 RATCHADAPISEK ROAD, HUAI KHWANG, BANGKOK 10310 "
NO 31 INTERNATIONAL BUSINESS PARK  #03-02 SINGAPORE 609921  
"1 NORTH BRIDGE ROAD, #19-09, HIGH STREET CENTRE,  SINGAPORE "
"19 LOYANG WAY, CHANGI LOGISTICS CENTRE REAR OFFICE BLOCK #04-26 SINGAPORE 508724 "
30 BENOI ROAD SINGAPORE 629900  
"JA 3306 TAMAN PAHLAWAN, UMBAI 77300 MELAKA, MALAYSIA  "
"43 TUAS ROAD,  SINGAPORE 638498  "
115 AIRPORT CARGO ROAD #01-19 CARGO AGENTS BUILDING C SINGAPORE 819466 
"Vistra Corporate Services Centre, Wickhams Cay II, Road Town, Tortola, VG1110 British Virgin Islands. "
"JL. RAYA KUMPAI KM 9 - 78391 KEC. SUNGAI RAYA, KAB. KUBU RAYA Kalimantan Barat - Indonesia "
100 JALAN SULTAN #01-12 SULTAN PLAZA S (199001)  
2075 HOWARD DRIVE NORTH MANKATO MN 56003 
NO 192 PANDAN LOOP  #02-01 PANTECH BUSINESS HUB SINGAPORE 128381 
40 GUL CRESCENT SINGAPORE 629540  
"No.6, Changi South Street 1,Changi Industrial Esta Singapore 486792.  "
"No.6, Changi South Street 1,Changi Industrial Esta Singapore 486792.  "
50 GUL ROAD SINGAPORE 629351  
"81, UBI AVENUE 4, #11-16, UB. ONE,  SINGAPORE 408830  "
11 SHIPYARD CRESCENT  SINGAPORE 627736  
200 BEDOK SOUTH AVENUE 1 SINGAPORE 469331  
"NO. 192 PANDAN LOOP, #02-01, PANTECH BUSINESS HUB SINGAPORE 128381 "
NO 8 ADMIRALTY STREET #06-11 SINGAPORE 757438  
"RAYA CAKUNG CILINCING NO.23 RT.000 RW.000, SEMPER BARAT CILINCING JAKARTA UTARA DKI JAKARTA RAYA - 000000 "
"Pristava 12A Polhov Gradec, 1355 Slovenia "
"10, SCIENCE CENTRE ROAD, #01-12,  BLOCK 1, BESTWAY CENTRE SINGAPORE 609079 "
"UNIT G14/G15/G16, KOMPLEK HARAPAN, LOT 3038, JALAN SETIA DI-RAJA KUALA BELAIT KA3131 NEGARA BRUNEI DARUSSALAM"
"10 Science Centre Road,  #01-12, Block 1, Bestway Centre, Singapore 609079 "
"10 Science Centre Road, #01-12, Block 1, Bestway Centre, Singapore 609079 "
"10 Science Centre Road, #01-12, Block 1, Bestway Centre Singapore 609079 "
19 JURONG PORT ROAD   
"7 Woodlands Walk, Singapore 738320   "
18 SIN MING LANE #04-13/14/15 MIDVIEW CITY BUSINESS PARK SINGAPORE 573960 
23 TUAS AVENUE 2 SINGAPORE 639454  
NO. 3 PIONEER PLACE SINGAPORE 627804  
"31, FISHERY PORT ROAD SINGAPORE 619741  "
15 SENOKO DRIVE  #04-04 JTC FOODHUB@ SENOKO  SINGAPORE 758202 
279 JALAN AHMAD IBRAHIM #02-01 SINGAPORE 639938   
18 KRANJI LOOP  SINGAPORE 739537  
21 UBI ROAD 1 #04-03 SINGAPORE 408724 
"3 KAKI BUKIT ROAD 2 #01-06/07, EUNOS WAREHOUSE COMPLEX SINGAPORE 417837 "
8 PANDAN AVENUE SINGAPORE 609384  
"VIA CARMINE 19, 96010, AUGUSTA ITALY  "
"96 CHEMBUR MANKHURD LINK ROAD SHIVAJI NAGAR,MUMBAI 400043,INDIA  "
"ROOM 1506 , LONG ZHU SQUARE  NO.2123, PUDONG AVE, PUDONG NEW AREA , SHANGHAI 200135, P.R. CHINA"
"12, JOON KOON CIRCLE SINGAPORE 629044  "
"17, TELOK BLANGAH CRESCENT, #06-280,  SINGAPORE 090017  "
18 TAMPINES INDUSTRIAL CRESCENT #05-07A  SINGAPORE 528605  
13 GUL DRIVE SINGAPORE 629464  
"1 NORTH BRIDGE ROAD #02-34, HIGHT STREET CENTER SINGAPORE 179094 "
"6 MARINA BOULEVARD, #16-18 CENTRAL PARK TOWER SINGAPORE 018985  "
"6 SHENTON WAY OUE DOWNTOWN #43-02, SINGAPORE 068809 "
"LAM SOON IND. BUILDING 63 HILLVIEW AVE , # 09-19 SINGAPORE, 669569 "
12 TANNERY LANE #07-01 SANTAT BUILDING SINGAPORE 347775 
"NO.5-5A, JALAN KEBUN NENAS 1N/KS7, BANDAR PUTERA, 41000 KLANG, SELANGOR  "
9 RAFFLES PLACE #26-01 REPUBLIC PLAZA SINGAPORE 048619  
75 QUEEN VICTORIA STREET FREMANTLE WA 6160  
"8 KAKI BUKIT AVENUE 4 #07-24, PREMIER @ KAKI BUKIT  SINGAPORE 415875 "
"5, JALAN PESAWAT SINGAPORE 619363  "
10 JALAN KILANG #08-02 SIME DARBY ENTERPRISE CENTER SINGAPORE 159410 
42E PENJURU ROAD SINGAPORE 609161  
120 LOWER DELTA ROAD #03-05 CENDEX CENTRE SINGAPORE 169208  
55 TUAS VIEW PLACE LINKPOINT PLACE  SINGAPORE 
78 SHENTON WAY #23-01 & #24-02 SINGAPORE 079120 
"51-57 FENNELL STREET PORT MELBOURNE, VICT  "
1 NORTH BRIDGE RD #02-34 HIGH ST CTR SINGAPORE 179094 
"11 WOODLANDS CLOSE #06-17, SINGAPORE 737853  "
"8A, Admiratly Street #04-17/18 Food Xchange@Admiratly Singapore 757437 "
78 MILL STREET  QORMI QRM3101 MALTA   
"EIGHTYEIGHT@KASABLANCA OFFICE TOWER 25TH FLOOR UNIT G, JI. CASABLANCA KAV 88. TEBET JAKARTA  SELATAN 12870 INDONESIA "
"26, SIN MING LANE, #07-123, MIDVIEW CITY, SINGAPORE 573971 "
"111, NORTH BRIDGE ROAD, HEX 13-01 PENINSULA PLAZA SINGAPORE 179098 "
668 CHANDER ROAD  #02-18 SINGAPORE 210668  
5 SHENTON WAY #17-01 UIC BUILDING  SINGAPORE 068808  
"ROOM 710-712, BUILDING NO.2 SILVER CITY NATIONAL NO.668 JINGJIA ROAD, JIANGDONG, NINGBO, CHINA 315040 "
1A INTERNATIONAL BUSINESS PARK #06-03 SINGAPORE 609933  
70 ANSON ROAD #15-03 HUB SYNERGY POINT  SINGAPORE 079905
"No.101, Corner of Baydar Street & No.3 Highway Roa Pale Myothit, Mingalardon Township, Yangon, Myanmar. "
"NO. 20 BUKIT BATOK CRESCENT #07-18/19 ENTERPRISE CENTRE, SINGAPORE 658080  "
2/5 OPPORTUNITY STREET WANGARA WA 6065 AUSTRALIA ATTN : MS ALICE CHEN 
"NO.21 BUKIT BATOK CRESCENT, WCEGA TOWER #04-73,  SINGAPORE 658065 "
220 ORCHARD ROAD  #05-01 MIDPOINT ORCHARD  SINGAPORE 238852 
"134/5 NASMITH ROAD, JUPITER EXT5 , HERIOTDALE, GERMISTON, 2094  "
BLK 272 TOH GUAN ROAD #05-01 SINGAPORE 600272  
1 SHIPYARD ROAD SINGAPORE 628128  
CILANDAK COMMERCIAL ESTATE UNIT 109W JALAN RAYA CILANDAK KKO CILANDAK TIMUR 
"8, SIXTH LOK YANG ROAD JURONG TOWN SINGAPORE 628106 "
"UNIT 803,BB1 TOWER MAZAYA BUSINESS AVENUE JUMEIRAH LAKES TOWERS PO BOX 336563 DUBAI UNITED ARAB EMIRATES "
"10 UBI CRESCENT, UBI TECHPARK (LOBBY-A) #04-08, SINGAPORE 408564 "
PO KIMBE WEST NEW BRITIAN PROVINCE  PAPUA NEW GUINEA 
114 LAVENDER STREET  #01-67 CT HUB 2 SINGAPORE 338729 
"Menara Rajawali 26th Floor Jl.DR Ide Anak Agung Gde Agung, Kawasan Mega Kuningan Lot#5.1  Jakarta Selatan 12950"
12 INTERNAITONAL BUSINESS PARK #04-01 SWIBER @IBP SINGAPORE 609920 
"40 LE HONG PHONG STR, NHA TRANG CITY,  KHANH HOA PRO, VIETNAM  "
"JLN. PATTIMURA RT 01/RW 04 KAMP, PANAU - KABIL BATAM - 29467, INDONESIA  "
"UNIT A1-A2,9/F, BLUE BOX FACTORY BUILDING 25 HING WO STREET, TIN WAN, ABERDEEN  HONG KONG "
124B JALAN PARI BURONG SINGAPORE 488774   
NO 50 TUAS AVE 9 SINGAPORE 639192  
26 TANJONG KLING RD SINGAPORE 628051   
NO. 7 TUAS AVENUE 2 SINGAPORE 639447  
"KOMP PERUMAHAN PTNHM WENANG PERMAI II KAIRANGI, MANADO 95016 SULAWESI UTARA, INDONESIA "
JI. SUDIRMAN NO . 189 / 111 MANADO  
151 PASIR PANJANG ROAD #01 - 04 PASIR PANJANG DISTRIPARK  SINGAPORE 118480 
"541, GEYLANG ROAD SINGAPORE 389496  "
100 PECK SEAH STREET #08-14 SINGAPORE 079333  
7 TUAS AVENUE 2 SINGAPORE 639447  
154 WEST COAST ROAD  #B1-26 WEST COAST PLAZA  SINGAPORE 127371 
21 BUKIT BATOK CRESCENT #12-79 WCEGA TOWER SINGAPORE 658065 
111 NORTH BRIDGE ROAD #27-01-02 PENINSULA PLAZA SINGAPORE 179098 
200B TELOK AYER ST SINGAPORE 068638  
"CITY LOFT, LANTAI 21, UNIT 17, JL. K.H. MAS MANSYUR NO 17  "
"8, BURN ROAD, #13-16, TRIVEX SINGAPORE 369977  "
KRAFTVAERKSVEJ 53 DK-7000 FREDERICIA DENMARK (GLN): 5790001793081
11 NORTH BUONA VISTA DRIVE #08-00 THE METROPOLIS TOWER 2 SINGAPORE 138589 
"8, TEMASEK BOULEVARD, #35-03, SUNTEC TOWER THREE,  SINGAPORE 038988 "
"No 163, 3rd floor, Thambu Chetty Street Chennai  600001, Tamilnadu India "
"GUSTAV ADOLF STRASSE 1 , D-28217 BREMEN/GRMANY   "
   
"33 TUAS CRESCENT,  SINGAPORE 638772  "
1 SOON LEE STREET #03-58 PIONEER CENTRE SINGAPORE 627605  
PLAZA PACIFIK BLOK A3- NO65 JL BOULEVARD BARAT RAYA - KELAPA GADING JAKARTA 14240 
"JL. RAYA KUMPAI KM 9 - 78391 KEC. SUNGAI RAYA, KAB. KUBU RAYA KALIMANTAN BARAT - INDONESIA "
"9/F RM 901-909,FIFTH AVENUE HUAHONG,NO 179 ZHONGXING ROAD, NINGBO CHINA  "
237 ALEXANDRA ROAD  #07-09 THE ALEXCIER SINGAPORE 159929 
"JALAN SOEKARNO HATTA RT 006 RW 009, ILIR BARAT I, PALEMBANG 30138  "
JL TAMA KEMANG NO 328 KEMANG JAKARTA SELATAN  
"120 ROBINSON ROAD #08-01, SINGAPORE 68913 "
"NO.192/19 THAI THINH STREET,LANG HA WARD, DONG DA DISTRICT, HANOI, VIETNAM  "
C/O FOCAL LOGISTICS (S) PTE LTD 12 JURONG PORT ROAD SINGAPORE 519090 
"237 PANDAN LOOP #02-01, WESTECH BUILDING SINGAPORE 128424 "
"PO BOX. 52535, SUITE NO 501, AL KHALEEJ CENTER, DUBAI-UAE  "
1 KIM SENG PROMENADE #07-02 GREAT WORLD CITY SINGAPORE 237994 
39 UBI CRESCENT #05-00 POWERPLUS BUILDING SINGAPORE 408587 
"44, JALAN MIDAH 14, TAMAN MIDAH CHERAS, KUALA LUMPUR 56000 MALAYSIA  "
C1-18-13A OUG PARKLANE 1/152 OFF JALAN PUCHONG 58200 KUALA LUMPUR 
54 LOYANG WAY SINGAPORE 508747  
"192 PANDAN LOOP #07-14 PANTECH BUSINESS HUB, SINGAPORE 128381 "
"THE STRATEGY, TOWER 1, 2 INTERNATIONAL BUSINESS PARK #10-02  SINGAPORE 609930"
"NO. 43 DINGHU ROAD, GUEISHAN TOWNSHIP TAOYUAN COUNTY 330, TAIWAN R.O.C  "
10 ANSON ROAD #27-06A INTERNATIONAL PLAZA SINGAPORE 079903 
"TMT TOWER 2, 2ND FLOOR -CILANDAK KKO  NO.1, CILANDAK TIMUR, PASAR MINGGU JAKARTA SELATAN, DKI JAKARTA "
"GEDUNG THE CONVERGENCE INDONESIA LT 21, KAWASAN RASUNA EPICENTRUM, JL HR RASUNA SAID KARET KUNINGAN SETIABUDI, KOTA ADM JAKARTA SELATAN DKI JAKARTA, INDONESIA, 12940"
"KINANTI BUILDING LT.2 JL.EPICENTRUM TENGAH HR RASUNA NO.3 KARET KUNINGAN,SETIABUDI, JAKARTA SELATAN-DK JAKARTA,INDONESIA"
"DUSUN PANCER RT.008 RW.001 SUMBERAGUNG - PESANGGARAN KAB.BANYUWANGI,JAWA TIMUR "
"JL.TENGGIRI, BATU AMPAR, BATAM, 29452 INDONESIA  "
"JALAN BRIGJEN KATAMSO, KM 6 TANJUNG UNCANG, BATU AJI, BATAM,  INDONESIA "
"KIRANA TWO BUILDING LT 17-18, JLN.BOULEVARD TIMUR  NO 88, KELAPA GADING-JAKARTA UTARA 14240 INDONESIA "
JLN MULAWARMAN BORNEO PARADISO BLOK MAPPLE D NO 1  BALIKPAPAN 76115 EAST KALIMANTAN INDONESIA  
"JL.KEDUNG COWEK (MOH.NOER)  NOMOR174,KEL.BULAK, KEC.BULAK, KOTA SURABAYA,PROP.JAWA TIMUR "
"Jalan Talang Betutu nomor.11A RT011 RW020, Kebon Melati Tanah Abang , Jakata Pusat. "
Jln. Minangkabau Somber No.B4 RT.04 Kelurahan Batu Ampar -Kec Balikpapan Utara Balikpapan - Kalimantan Timur   
JL SULTAN HASANUDIN RT.10 NO.01 KELURAHAN  KARIANGAU BALIKPAPAN  
"TMT 1 BUILDING , 1ST FLOOR, JALAN CILANDAK KKO NO.1 JAKARTA, INDONESIA  "
"Jl. Brigjen Katamso KM.5 Tanjung Uncang, Batu Aji, Batam Kepulauan Riau, Indonesia 29424 "
"GEDUNG PERKANTORAN PULOMAS SATU GD.2 IT.2 RG.1 JL.JEND.A.YANI NO.2 PULOMAS, JAKARTA TIMUR INDONESIA 13210 "
FRENCH WALK LOURDES G-1 MALL OF INDONESIA JL BOULEVARD BARAT RAYA KELAPA GADING JAKARTA  UTARA 14240 INDONESIA 
60 ALEXANDRA TERRACE #09-01 THE COMTECH (LOBBY A) SINGAPORE 118502 
21A NHIEU TU WARD 7 PHU NHUAN DIST HCMC VIETNAM  
"22, FABER AVE SINGAPORE 129535  "
"36, TOH GUAN ROAD EAST, #01-40 ENTERPRISE HUB, SINGAPORE 608580 "
"8 JURONG TOWN HALL ROAD, #26-03  THE JTC SUMMIT  SINGAPORE 609434 "
"10,ANSON ROAD,#15-02,  INTERNATIONAL PLAZA,  SINGAPORE 079903 "
"NO. 6 CHANGI SOUTH STREET 2, LEVEL 5 XILIN DISTRICENTRE BUILDING D SINGAPORE 486349 "
"86 SOI PREEYANUCH (PRARAM 9 SOI 19) RAMA IX ROAD, BANGKAPI, HUAY KWANG, BANGKOK 10310 - THAILAND "
34 TOH GUAN ROAD EAST  #01-12/13 ENTERPRISE HUB SINGAPORE 608579 
"1 BENOI CRESENT, SINGAPORE 629986  "
23 KING GEORGE STREET VICTORIA PARK WA  
"2 VENTURE DRIVE #09-32 VISION EXCHANGE, SINGAPORE 608526  "
372 HAYWAY ROAD EAST FALMOUTH MA 02536-4511  
SINGAPORE BRANCH 7500A BEACH ROAD THE PLAZA #13-319 SINGAPORE 199591 
8 Commonwealth Lane  #01-02 Gate B #01-02 Gate B 
7030 ANG MO KIO AVENUE 5 #09-35 NORTHSTAR @ AMK  SINGAPORE 569880 
"NO. 6, TUAS AVENUE 11 SINGAPORE 639072  "
8 SHENTON WAY #42-04 AXA TOWER SINGAPORE 069811 
"801 REEF TOWER JUMEIRAH LAKE TOWERS, P.O.BOX 62201, DUBAI UNITED ARAB EMIRATES  "
M TOWER UNIT 05-03 460 ALEXANDRA ROAD SINGAPORE 119963 
"109 TUAS SOUTH AVE 8, SINGAPORE 637037  "
17 GUL WAY SINGAPORE 629194   
"A6, RAM SQUARE, 3RD FLOOR, NO 2/42, VALLUVARKOTTAM HIGH ROAD, NUNGAMBAKKAM, CHENNAI - 600034 "
"75A Neil Road, Singapore 088902   "
34 TOH GUAN ROAD EAST  #01-12/13 ENTERPRISE HUB SINGAPORE 608579 
"15950 PARK ROW, HOUSTON, TEXAS 77084 USA  "
"9TH FLOOR, ROHAS PERKASA, NO.8, JALAN PERAK   "
"UNIPESSOAL, LDA, PLATAFORMA 2A, PAVILHAO INDUSTRIAL R, ZONA FRANCA INDUSTRIAL 9200-047 CANICAL. MADEIRA - PORTUGAL. VAT : PT511069790"
"AUSTRALIA BRANCH  LEVEL 6, 1101 HAY STREET, WEST PERTH 6005  WESTERN AUSTALIA. "
"RUA SAO BENTO, 29-SALA 1401 CENTRO-RIO DE JANEIRO  CEP:20090-010  "
"SAIPEM HOUSE 12 - 42 WOOD STREET KINGSTON UPON THAMES SURREY KT1 1TG, UNITED KINGDOM "
"Jl. Raja Haji Fisabilillah, Desa Pangke, Kecamatan Meral Kabupaten Karimun, Provinsi Kepulauan Riau-29634,  "
"LUXEMBOURG SARL, SERENITY (BLOC D) 19-21 ROUTE D'ARLON, L-8009 STRASSEN LUXEMBOURG "
"ADMINISTRATIVE OFFICE OS SAIPEM MISR 2 EL MORSHEDY ST,FROM EL LASELKY ST NEW MAADI  CAIRO-EGYPT "
VIA MARTIRI DI CEFALONIA 67 SAN DONATO MILANESE MILANO P.IVA 00825790157
"ALAMANDA TOWER LANTAI 3 JALAN TB SIMATUPANG KAV.23-24 CILANDAK BARAT, JAKARTA SELATAN 12430 INDONESIA"
"OFFICE SUITE 21, UOA CENTRE, NO. 19, JALAN PINANG, KUALA LUMPUR "
"73 SCIENCE PARK DRIVE,#01-3/22 CINTECH 1 SINGAPORE SCIENCE PARK 1 SINGAPORE 118254 "
"73, SCIENCE PARK DRIVE #01-03/22  CINTECH I SINGAPORE SCIENCE PARK 1, SINGAPORE 118254 "
"19, JALAN TUKANG, SAMBO INNOVATION BUILDING SINGAPORE 619265  "
3 CHURCH STREET #11-01 SAMSUNG HUB SINGAPORE 049483 
"UOB Plaza, Unit 1 42th Floor, JI.M.H Thamrin Kav.  8-9, Jakarta Pusat 10230, Indonesia  "
"ROOM 2023, LANDMARK NORTH,  NO 39 OF LUNG SAM AV, SHEUNG SHUI, N.T. HONG KONG. "
JL MULAWARMAN PT.23 NO.17A KALIMANTAN TIMUR  
50 ALPS AVENUE #04-00 SANDVIK BUILDING SINGAPORE 498782 
GEDUNG TMT 1 LANTAI 5 SUITE 501 JL. CILANDAK KKO NO.1 RT.001/ 005 KEL. CILANDAK TIMUR KEC. PASAR MINGGU JAKARTA SELATAN INDONESIA
GEDUNG TMT 1 LANTAI 5 SUITE 501 JL. CILANDAK KKO NO.1 RT.001/ 005 KEL. CILANDAK TIMUR KEC. PASAR MINGGU JAKARTA SELATAN INDONESIA
"80 Raffles Place, #37-02 UOB PLAZA I SINGAPORE 048624  "
32 KIAN TECK DRIVE SINGAPORE 628849  
"AL-KHOBAR-AL-HUGAYAT SKY LINE BUILDING, DAMMAM  #KHOBAR HIGHWAY, 17TH FLOOR. P.O.BOX 30251, AL-KHOBAR 31952, KINGDOM OF SAUDI ARABIA"
"20 Airport Boulevard, Singapore 819659    "
17 GUL WAY SINGAPORE 629194  
"74A DUXTON ROAD, SINGAPORE 089533  "
17 GUL WAY SINGAPORE 629194  
40 TOH GUAN ROAD EAST #01-61 ENTERPRISE HUB SINGAPORE 608582 
WESELER STR. 35 45478 MULHEIM-RUHR GERMANY 
48 TOH GUAN ROAD EAST #07-99 ENTERPRISE HUB SINGAPORE 608586 
48 TOH GUAN ROAD EAST #02-102 ENTERPRISE HUB SINGAPORE (608586) 
10 ADMIRALTY STREET #02-34/35 NORTH LINK BUILDING SINGAPORE 757695  
20 TOH GUAN ROAD #07-03 CJ KOREA EXPRESS BUILDING  SINGAPORE 608839  
60 ADMIRALTY ROAD WEST   
ADMIRALTY ROAD WEST SINGAPORE 759956   
"20 SAKRA ROAD, JURONG ISLAND (MAIN) SINGAPORE 627889  "
47A LOR 27 GEYLANG SINGAPORE 388179   
17200 PARKROW HOUSTON TX 77084 US  
ZI TOULON EST BP 234 150 REU PASTEUR 83089 TOULON CEDEX 9 
1 SOPHIA ROAD #05-03 PEACE CENTRE SINGAPORE 226921 
"115 AIRPORT CARGO ROAD #08-11/12, CARGO AGENTS BUILDING 'C' SINGAPORE 819466 "
6D MANDAI ESTATE #08-06  M-SPACE SINGAPORE 729938  
"YANGMING XINCHENG BUSINESS BUILDING LAYER 2, JIANGPU ROAD 1188, SHANGHAI, CHINA "
"Room 712, Building 2, Shanghai Office Building, No.1250, North Zhongshan No. 1 Road, Shanghai, China "
30 PANDAN ROAD SINGAPORE 609277  
"TOWER WORKS , KESTOR STREET BOLTON BL2 2AL UNITED KINGDOM "
"NO 58, BUILDING 2, ROOM 1103, SIDA ROAD.HONGKOU DISTRICT, SHANGHAI, CHINA. "
NO. 15 PANDAN CRESCENT SINGAPORE 128470  
"9 AIRLINE ROAD #04-24, CARGO AGENTS BUILDING D, P.O. BOX 805 CHANGI AIRFREIGHT CENTER, SINGAPORE 819827"
3 SOUTH BUONA VISTA ROAD #01-16 VIVA VISTA SINGAPORE 118136 
"16M, ENTERPRISE ROAD, ENTERPRISE 10,  SINGAPORE 627661  "
61 TUAS BASIN LINK SINGAPORE 638776  
No. 3 Tuas Avenue 1 Singapore 639488  
553 SEMBAWANG PLACE SINGAPORE 757776  
21 TOH GUAN ROAD EAST #01-12 TOH GUAN CENTRE  SINGAPORE 608609 
"21 TOH GUAN ROAD EAST, #01-12 TOH GUAN CENTRE, SINGAPORE 608609 "
"PALOKARJENTIE 2-4 JYVASKYLA, 40320 Finland "
71 UBI CRESCENT #02-07 EXCALIBUR CENTRE SINGAPORE 408571 
13 TUAS AVENUE 11 SINGAPORE 639079   
42E PENJURU ROAD   SINGAPORE 609161  
JALAN NITIKAN BARU AQUARIUS NO 2 YOGYAKARTA INDONESIA 55162  
192 WATERLOO STREET #05-01 SINGAPORE 187966  
"31 LOYANG CRESCENT, 2ND FLOOR  ADMIRALTY INTERNATIONAL BUILDING, SINGAPORE 509013  "
"6, YISHUN INDUSTRIAL STREET 1, #06-13, NORTH VIEW BIZHUB, SINGAPORE 768090 "
30 JURONG PORT ROAD JALAN BUROH WAREHOUSE COMPLEX UNIT NO. B2-4A SINGAPORE 619103
"RINGVAGEN 5, 34118 LJUNGBY, SWEDEN "
"24, NEW INDUSTRIAL ROAD, #04-01,  PEI FU INDUSTRIAL BUILDING,  SINGAPORE 536210 "
"31, BUKIT BATOK CRESCENT, #01-12,  THE SPLENDOUR, SINGAPORE 658070  "
NO 6 ATTAP VALLEY ROAD SINGAPORE 759906  
"19 JURONG PORT ROAD,  SINGAPORE 619093.  "
600 WEST CAMP ROAD SINGAPORE 797654  
"EDC - CBU 540 AIRPORT ROAD, PAYA LEBAR SINGAPORE 539938 "
"DREAM CITY (VILLA NO.1176) ERBIL, KURDISTAN, IRAQ  "
"Office 1306, AL FAHIDI HEIGHTS, BUR DUBAI, DUBAI UNITED ARAB EMIRATES  "
19 LOK YANG WAY JURONG SINGAPORE 628635 
"ROOM C,11/F HARIBEST INDUSTRIAL BUILDING 45-47, AU PUI WAN ST, FOTAN, SHATIN, HONG KONG  "
"2, Jalan Cenderai 28  Kota Putri, Masai 81750  JOHOR "
18 BOON LAY WAY TRADEHUB 21 #06-135 SINGAPORE 609966  
18 BOON LAY WAY  TRADEHUB21 #06-135 609966 SINGAPORE 
NO 18 BENOI CRESCENT SINGAPORE 629981  
"19/128 MOO 12, SOI WATKLONGPALADPRIENG, BANGNATRAD KM. 5 RD., T. BANGKAEW A. BANGPLEE  SAMUTPRAKARN 10540 "
21 TOH GUAN ROAD EAST  #01-09 TOH GUAN CENTRE SINGAPORE 608609 
"c/o Swiber Corporate Services 12 International Business Park, #02-01, Swiber@IBP Singapore 609920"
"B-13-01, WISMA AMFIRST 2, JALAN SS 7/15, KELANA JAYA 47301 PETALING JAYA, SELANGOR MALAYSIA"
"11 TAMPINES CONCOURSE, #02-07/08, SINGAPORE  528729  "
48 TOH GUAN ROAD EAST #06-131 SINGAPORE 608586 
"ROOM 1203, NO 235 CHANGYANG ROAD,  SHANGHAI 200082, CHINA.  "
36 KIAN TECK DRIVE SINGAPORE 628858  
23 TUAS AVENUE 11 SINGAPORE 639086  
"NO. 58 SUNGEI KADUT DRIVE, SINGAPORE 729572  "
"PARK 2000, NEWTON AYCLIFFE, DL5 6AR  "
2 International Business Park  #09-06 The Strategy Tower 1 Singapore 609930 
26 JALAN BUROH  SINGAPORE 619482  
P.O. BOX 243 NL- 3400 AE   IJSSELSTEIN  
"15 HOE CHIANG ROAD, TOWER FIFTEEN  #12-05, SINGAPORE 089316  "
192 Waterloo Street #05-01 Singapore 187966  
"5001 BEACH ROAD, #07-21 GOLDEN MILE COMPLEX SINGAPORE 199588 "
GEDUNG RATU PRABU 2 JL.TB.SIMATUPANG KAV.1B CILANDAK TIMUR PASAR MINGGU  JAKARTA SELATAN 12560
241A JOO CHIAT ROAD SINGAPORE 427498   
"2401 PINSON HIGHWAY BIRMINGHAM, ALABAMA  "
"1, TARATOLLA ROAD GARDEN REACH, WEST BENGAL  "
11 TRACTOR ROAD SINGAPORE 627972  
NO 7 TUAS AVE 2 SINGAPORE 639447  
21 FAN YOONG ROAD SINGAPORE 629796   
"3089 UINTA ST. DENVER CO., 80238   "
24 SIN MING LANE  #05-96 MIDVIEW CITY  SINGAPORE 573970 
"7A, LICHFIELD ROAD, SERANGOON GARDEN ESTATE, SINGAPORE 556827 "
"5 YISHUN INDUSTRIAL ST 1,#02-08 NORTH SPRING BIZHUB,  SINGAPORE "
"Global City Business Park Sos. Bucuresti Nord nr10,  Building O1, 2nd floor Voluntari, 077190-Ilfov, ROMANIA"
26 BENOI SECTOR  SINGAPORE 629858  
156 MACPHERSON ROAD #08-01 PSL BUILDING  SINGAPORE 348528  
JL. YOS SUDARSO BATU AMPAR  
TANJUNG BALAI KARIMUN KEPULAUAN RIAU  
"GD TMT 1 LT,11-17 SUITE 1101-1701 JL. CILANDAK KKO NO.1,CILANDAK TIMUR, PASAR MINGGU  "
"TMT BUILDING 1, 12TH FLOOR JL. CILANDAK KKO NO.1  "
"JL. CILANDAK KKO, PO BOX 2282  "
CILANDAK COMMERCIAL ESTATE BLDG 205 PO BOX 2282 JAKARTA  
6 TUAS AVENUE 2 SINGAPORE 639446  
6 TUAS AVENUE 2 SINGAPORE 639446  
6 TUAS AVENUE 2 SINGAPORE 639446  
6 TUAS AVE 2 SINGAPORE 639446  
6 TUAS AVENUE 2 SINGAPORE 639446  
6 TUAS AVENUE 2 SINGAPORE 639446   
6 TUAS AVENUE 2 SINGAPORE 639446  
NO 7 TUAS AVE 2 SINGAPORE 639447  
100 JALAN SULTAN  #05-39C SULTAN PLAZA  SINGAPORE 199001 
18 BOON LAY WAY #05-136 TRADEHUB 21 SINGAPORE 609966  
"ARENCO BLDG. B BLOCK, OFFICE # 205, P.O.Box: 34490 KARAMA, DUBAI, UAE  "
No. 3 Tuas Avenue 1 Singapore 639488  
8 BOON LAY WAY #07-06 TRADEHUB 21 SINGAPORE 609964  
"10 JALAN KILANG #07-02/03 ,SIME DARBY ENTERPRISE  SINGAPORE 159410  "
21 BUKIT BATOK CRESCENT #04-73  WCEGA TOWER SINGAPORE 658065  
MAILING ADDRESS: JURONG POINT POST OFFICE P. O. BOX 475 SINGAPORE 916412 
"3C TOH GUAN ROAD EAST #01-03, SINGAPORE 608832.  "
"NO 19, BURN ROAD 12-03 ADVANCE BUILDING SINGAPORE 369974 "
"7F-4, NO.24, LANE 123, SEC. 6, MINQUAN E. RD.,  NEIHU DIST., TAIPEI CITY 114, TAIWAN  "
7 TUAS SOUTH STREET 11 SINGAPORE 637091  
"7, TUAS SOUTH STREET 11, SINGAPORE 637091   "
"52, TUAS BASIN LINK SINGAPORE 638781  "
"NO 48, NATIONAL ROAD NO.4, SANGKAT CHOMCHAO, KHAN PO SENCHEY, PHNOM PENH, CAMBODIA  "
"KAYSONE AVENUE, BAN, XAISAVANG (DON NOON) XAYTHANI DISTRICT, VIENTIANE CAPITAL  "
"NO 589-592, NEW THA KA TA (1), BO AUNG KYAW ST HLAING THAR YAR TOWNSHIP  "
500 PILLSBURY DRIVE SE RM 672 MINNEAPOLIS UNITED STATES 55455 
"21 TOH GUAN ROAD EAST #04-01, TOH GUAN CENTER SINGAPORE 608609 "
10 Ubi Crescent #06-60 Ubi Techpark Singapore 408564 
"4TH FLOOR, C & R COURT, 4TH FLOOR,  49 LABOURDONNAIS STREET,  PORT LOUIS, MAURITIUS "
"5 JOO KOON WAY,  SINGAPORE 628944  "
3 TUAS SOUTH STREET 15 SINGAPORE 636910  
4 PIONEER PLACE SINGAPORE 627893   
"No 19/28/82 Yen Lang, Thinh Quang Ward,  Dong Da District, Ha Noi City, Viet Nam "
"20 HARBOUR DRIVE, #07-02 PSA VISTA,  SINGAPORE 117612  "
"34-36, Parc d'Activités Capellen L-8308 CAPELLEN (Grand Duchy of Luxembourg)  "
LEVEL 1 HINDMARSH SQ  ADELAIDE SOUTH AUSTRALIA 5000  
9 AIRLINE ROAD #04-23 CARGO AGENTS BUILDING D P.O BOX 887 CHANGI AIRFREIGHT CENTRE  SINGAPORE 918113 
"635-5, SUNGGOK-DONG, ANSAN CITY 425-839 KOREA  "
1 Soon Lee Street #03-58 Pioneer Centre Singapore 627605 
545 Orchard Road #12-06 Singapore 238882  
26 CHANGI NORTH CRESCENT DIETHELM KELLER BUILDING #04-01 SINGAPORE 
20 BUKIT BATOK CRESCENT #03-11 ENTERPRISE CENTRE SINGAPORE 658080 
308 LAVENDER STREET SINGAPORE 330006  
"TRAGEL 60, HOFSTADE AALST, 9308 BELGIUM VAT number (BE 0451.192.431)  "
33 JOO KOON CIRCLE SINGAPORE 629111  
NO 2 KALLANG PUDDING ROAD #04-09 MACTECH BUILDING SINGAPORE 349307 
"42/5 Moo.7, Bangna-Trad Hwy KM.26  T.Bangsaothong, A.Bangsaothong  Samutprakarn 10540, Thailand.  Waranchalee Somwong"
"1ST FLOOR,AURORA, VANWALL BUSINESS PARK, VANWALL RD, MAIDENHEAD, BERKSHIRE SL6 4UB, UNITED KINGDOM "
"90/1 MOO4,BANGCHALONG, BANGPLEE,  SAMUTPRAKARN 10540 THAILAND  "
"196, PANDAN LOOP, #01-01 PANTECH BUSINESS HUB, SINGAPORE 128384 "
"10, ADMIRALTY STREET, #05-13, NORTH LINK BUILDING, SINGAPORE 757695  "
3 TUAS BASIN CLOSE #03-01 SINGAPORE 638798  
3 TUAS BASIN CLOSE #03-01 SINGAPORE  638798 
28 Toh Guan road East #02-01 Singapore 608596  
"BUILDING NO(14), ROOM NO (19) NAWADAY SHOP HOUSING, HLAING THAR YAR T/S YANGON MYANMAR "
"NO. 589-592, BO AUNG KYAW STREET NEW THA KA TA(1), HLAING THARYAR TOWNSHIP  "
"12A ENTERPRISE ROAD,  ENTERPRISE 10, SINGAPORE 627662 "
21 TAN QUEE LAN STREET  #02-07 HERITAGE PLACE SINGAPORE 188108 
Uluslararasi Nakliyat Tas.Tic.Ltd.Sti. Küçükbakkalköy Mah.Firin Cad.2-4 D:13 zip code 34750 Atasehir /istanbul Türkiye
6 SHENTON WAY #42-01 OUE DOWNTOWN ONE SINGAPORE 068809 
5 PANDAN ROAD SINGAPORE 609299  
20 MAXWELL ROAD #08-11 MAXWELL HOUSE  SINGAPORE 069113 
"1908 N MEMORIAL WAY HOUSTON, TX 77007  "
"2-17-4, SHIBAURA, MINATO-KU, TOKYO 108-0023, JAPAN  "
"994 BENDEMEER ROAD #06-06 , B-CENTRAL  (NEPTUNE ROOM) SINGAPORE 339943  "
NO.1 SUNVIEW ROAD ECOTECH @ SUNVIEW #06-41 SINGAPORE 627615 
51 TUAS SOUTH STREET 5 SINGAPORE 637644 ATTENTION: RAMA 
NO.81 UBI AVE 4  #09-01 UB.ONE  SINGAPORE 408830 
"P.O.BOX 8928, JEDDAH - 21492 SAUDI ARABIA  "
"101 UPPER CROSS STREET, PEOPLE'S PARK CENTRE B1-17M  SINGAPORE 058357 "
