Address
80 GENTING LANE #04-03 RUBY INDUSTRIAL COMPLEX  SINGAPORE 349565  
61 UPPER PAYA LEBAR ROAD TAT WAN BUILDING #05-02 SINGAPORE 534816  
"10 BUROH STREET, #08-32, WEST CONNECT, SINGAPORE 627564  "
64 HILLVIEW TERRACE  SINGAPORE 669277  
Alexandra NSW 1435 Australia  
BLK 115A #05-31/32 COMMONWEALTH DRIVE  SINGAPORE 149596  
600 NORTH BRIDGE ROAD #04-02 PARKVIEW SQUARE  
"119 AIRPORT CARGO ROAD, #01-03/04, CHANGI CARGO MEGAPLEX 1, SINGAPORE 819454  "
151 CHIN SWEE ROAD #07-15  MANHATTAN HOUSE SINGAPORE 169876 
52 TANJONG PENJURU  CWT LOGISTICS HUB 3 #02-03 SINGAPORE 609034
2 KALLANG PUDDING ROAD  #05-11 MACTECH BUILDING SINGAPORE 349307 
"WORKSHOP 2, G/F, BLOCK B,SHATIN INDUSTRIAL CENTRE, 5-7 YUEN SHUN CIRCUIT, SHATIN, HONG KONG  "
"20 TECH PARL CRESCENT, SINGAPORE 638112  "
PO BOX 14026 CHRISTCHURCH AIRPORT NEW ZEALAND 
25 INTERNATIONAL BUSINESS PARK #02-06 GERMAN CENTRE SINGAPORE 609916 
2 LENG KEE ROAD #05-08 THYE HONG CENTRE SINGAPORE 159086 
"KRISNA BAHAVAN, ANNEXE B, S22-B GROUND FLOOR, BKS DEVSHI MARG, (OPPOSITE MAHANGAR GAS STATION)  GOVANDI STATION ROAD IN-400088 MUMBAI, GOVANDI (E) INDIA"
NO33A BENOI ROAD SINAGPORE 627785  
BUILDING 960A WEST CAMP SELETAR AIR SINGAPORE 797796  
102F PASIR PANJANG ROAD #01-08 CITI SINGAPORE 118530  
"1 UBI VIEW #01-15A, FOCUS ONE SINGAPORE 408555  "
90 YISHUN CENTRAL SINGAPORE 768828  
Mumbai Pune Road Dapodi Pune MH 411012 India 
"18A, Penjuru Road Singapore 609150  "
"NO. 6 TUAS AVENUE 6, SINGAPORE 639311   "
"11 TAMPINES STREET 92 #03-01, SINGAPORE 528872 Singapore  "
331 JALAN BESAR  SINGAPORE 208983  
"27B Benoi Road, Pioneer Lot, Singapore 629917   "
60 ANSON ROAD #08-01 MAPLETREE ANSON  SINGAPORE 079914  
"21 WOODLANDS CLOSE,  PRIMZ BIZHUB #04-46, SINGAPORE 737854  "
"9 SECOND CHIN BEE ROAD, SINGAPORE 618776   "
"31 BUKIT BATOK CRESCENT #01-07,  THE SPLENDOUR, SINGAPORE 658070  "
350 ORCHARD ROAD #17-07/09 SHAW HOUSE SINGAPORE 238868  
7030 ANG MO KIO AVENUE 5 #03-34 NORTHSTAR@AMK  SINGAPORE 569880  
"DUBOISSTRAAT 39 - BUS2 2060 ANTWERPEN, BELGIUM  "
"P.O. BOX 8189, PEJABAT POS KELANA JAYA,  47301 PETALING JAYA, SELANGOR DARUL EHSAN  "
BLOCK 20  WOODLANDS LINK #03-38 SINGAPORE 738733 
9 NORTH BUONA VISTA DRIVE #14-01 THE METROPOLIS TOWER 1 SINGAPORE 138588 
"200 CANTONMENT ROAD, #05-08A SOUTHPOINT SINGAPORE 089763  "
80 JURONG EAST ST21  #04-01 SINGAPORE 609607 
   
140 PAYA LEBAR ROAD AZ@PAYA LEBAR #01-19 SINGAPORE 409015 
"B2-10-0 3F , BANDAR BUKIT TINGGI KLANG, SELANGOR DARUL EHSAN  "
SCHEUCHZERSTRASSE 17 8006 ZURICH SWITZERLAND  
"25 BUKIT BATOK CRESCENT #10-03, THE ELITIST SINGAPORE 658066 "
8 SHENTON WAY #16-01  AXA TOWER  SINGAPORE 068811 
NO.3 PIONEER PLACE SINGAPORE 627804  
ROOM 604C 6/F FOOK CHEONG BLDG 63 HOI YUEN ROAD KWUN TONG KOWLOON HONG KONG 
"ROOM 231, 2ND STOREY SATS AIRFREIGHT TERMINAL 2 105 AIRPORT CARGO ROAD SINGAPORE 819462  "
18 BOON LAY WAY #03-133 TRADE HUB 21 SINGAPORE 609966  
"BLK 1767 GEYLANG BAHRU  #01-05, KALLANG DISTRIPARK  "
"48 TOH GUAN ROAD EAST #05-100, ENTERPRISE HUB, SINGAPORE 608586  "
371 BEACH ROAD #21-08/11 KEYPOINT SINGAPORE 199597  
8 GUL ROAD SINGAPORE 629341   
NO 22  LORONG 21A GEYLANG ROAD #09- SINGAPORE 388431  
20 PECK SEAH STREET #03-02 SINGAPORE 079312  
"9 AIRLINE ROAD, #05-23 CARGO AGENTS BUILDING D SINGAPORE 819827 (Unit 01-01 (Warehouse))  BOX 591 CHANGI AIRFREIGHT CENTRE SINGAPORE 918104"
NO.31 BUKIT BATOK CRESCENT #01-07 THE SPLENDOUR SINGAPORE 658070 
32 SING IND. COMPLEX #05-16 ANG MO KIO AVE 5 ANG MO KIO IND. PARK 2 SINGAPORE 569510
#07-19 CARGO AGENTS BUILDING C PO B SINGAPORE 918114  
"AM SPEICHER XI , NR 3 BREMEN  "
20 MAXWELL ROAD #03-03 MAXWELL HOUSE  SINGAPORE 069113  
UBI TECHPARK LOBBY B 10 UBI CRESCENT #07-30  SINGAPORE 408564 
51 UBI AVENUE 1 #01-30 PAYA UBI INDUSTRIAL PARK SINGAPORE 408933  
NO.14 BENOI PLACE  SINGAPORE 629953  
32 KIAN TECK ROAD  SINGAPORE 628779  
21 Toh Guan Road East #05-19 Toh Guan Centre  Singapore 608609  
23 KAKI BUKIT ROAD 4 #01-07 SYNERGY @KB SINGAPORE 417801 
"10 ANSON ROAD, #25-03A, INTERNATIONAL PLAZA, SINGAPORE 079903  "
"ELECTRON AVENUE EXTENSION PO BOX 11, 1600 ISANDO, RSA "
"BUYUKDERE CADDESI AKABE TICARET MERKEZI NO: 78-80 FI: 2/202 GAYRETTEPE 34394 ISTANBUL, TURKEY "
"840 TOLLGATE ROAD ELGIN, IL 60123 USA  "
1 ROCHOR CANAL ROAD #05-02 SIM LIM SQUARE  SINGAPORE 188504  
10 ANSON ROAD #10-11 INTERNATIONAL PLAZA  SINGAPORE 079903  
115 AIRPORT CARGO ROAD #07-18 CARGO AGENTS BUILDING C SINGAPORE 819466 
"9 YISHUN INDUSTRIAL ST 1, #03-86 NORTH SPRING  BIZHUB SINGAPORE 768163  "
"A-1006, BUILDING NO.2, NO.5 AND  YARD NO.5 JINXING WEST ROAD, DAXING DISTRICT,BEIJING, CHINA 102600 "
BLOHMSTRASSE 23 21079 HAMBURG  GERMANY 
"15th Floor, Tung Wai Commercial Building,  111 Gloucester Road, Wanchai, Hongkong  "
"200 CANTONMENT ROAD #13-05, SOUTHPOINT SINGAPORE 089763 "
"10 ADMIRALTY STREET, #02-75 NORTH LINK SINGAPORE 757695  "
64 SUNGEI KADUT LOOP SINGAPORE 729493   
60 SENOKO ROAD SINGAPORE 758124  
2 JURONG EAST STREET 21 #02-01/07  IMM BUILDING  SINGAPORE 609601 
"P.O. BOX: 18494, JEBEL ALI FREEE ZONE, DUBAI, U.A.E. "
21 TOH GUAN ROAD EAST #08-29 TOH GUAN CENTRE SINGAPORE 608609  
"7030 ANG MO KIO AVENUE 5, #06-21, NORTHSTAR @ AMK, SINGAPORE 569880  "
"#479, STREET 93, SANGKAT BOENG PRALIT, KHAN 7 MAKARA,PHNOM PENH, CAMBODIA  "
101 ALPS AVENUE  #04-01 SINGAPORE 498793 
NEAR BOON LAY GARDEN MARKET & FOOD SINGAPORE 641221  
2 TUAS AVENUE 1 SINGAPORE 639487  
BLK 1009 TAI SENG AVE #01-2652 SINGAPORE 534418   
NO 2 PANDAN CRESCENT PANDAN HINO SERVICE CENTRE SINGAPORE 128462 
FOOK HAI BUILDING SINGAPORE 058727  
23 NEW INDUSTRIAL ROAD #03-05 SOLSTICE BUSINESS CENTRE SINGAPORE 536209  
37 TANNERY LANE #04-02 SINGAPORE 347790   
9 AIRLINE ROAD #01-12 CARGO AGENTS BUILDING D CHANGI AIRFREIGHT CENTRE PO BOX 617 SINGAPORE 918104
10 ANSON ROAD #12-04 INTERNATIONAL PLAZA SINGAPORE 079903 
BLK 5 PIONEER NORTH ROAD  #01-27 SINGAPORE 628458  
"220 ORCHARD ROAD, #05-01 MIDPOINT ORCHARD SINGAPORE 238852  "
220 ORCHARD ROAD #05-02  MIDPOINT ORCHARD SINGAPORE 238852  
5 TUAS AVENUE 3 BS LOGISTICS HUB SINGAPORE 639405  
"40 TOH GUAN ROAD EAST #01-69, ENTERPRISE HUB SINGAPORE 608582  "
Jurong Port   
"52 Jurong Gateway Road #11-01, Singapore 608550  "
BLK 21 PIONEER ROAD NORTH #01-109/110 SINGAPORE 628467  
30 SHAW ROAD #03-05/06 SINGAPORE 367957  
"10 HOE CHIANG ROAD #07-01/02, KEPPEL TOWERS SINGAPORE 089315 "
"27 NEW INDUSTRIAL ROAD,  #03-06 NOVELTY TECH POINT, SINGAPORE 536212  "
24 TAGORE LANE #03-19 TAGORE 23 WAREHOUSE  SINGAPORE 787601 
BLK 1002 BUKIT MERAH CENTRAL SINGAPORE 159836  
"300 TAMPINES AVE 5, #07-04  NTUC INCOME TAMPINES JUNCTION SINGAPORE 529653 "
"NO.4 LENG KEE ROAD #06-07, SIS BUILDING, SINGAPORE 159088  "
"Products Pty Ltd 20 kullara close, Beresfield NSW 2322, Australia  "
JL BRIGEN KATAMSO KM 6 BATAM 29432 KEPULAUAN RIAU  
"16-26 quarry road, 4207 stapylton, australia   "
SINGAPORE BRANCH 7 TRACTOR ROAD SINGAPORE 627968  
"400 WORK TOOL DRIVE, PO BOX 6 WAMEGO,KANSAS 66547-0006 USA  "
32 BENOI PLACE SINGAPORE 629949  
"UNIT 13-312 7500A BEACH ROAD, THE PLAZA, SINGAPORE 199590  "
"117 HOW MING STREET, KWUN TONG KOWLOON  "
NO 99 HUANGPU ROAD SHANGHAI  
1 SUNVIEW ROAD #01-11 ECO-TECH@SUNVIEW SINGAPORE 627615  
86/88 TAGORE LANE SINGAPORE 787528  
"4-07-1, BLK4, PRESINT ALAMI  WORLDWIDE BUSINESS PARK 2 NO.2 PERSIARAN AKUATIK SECTION 13 40100 SHAH ALAM SELANGOR"
"BLK 511 #03-04 KEPPEL DISTRIPARK  KAMPONG BAHRU ROAD, SINGAPORE 099447  "
"BLK 15, LORONG 8 TOA PAYOH, #04-03 BRADDELL TECH SINGAPORE 319262 "
BLOCK 130 JURONG GATEWAY ROAD #03-203 SINGAPORE 600130 
89 SECOND LOK YANG ROAD SINGAPORE 628165   
"Building D2, No 589 Gangtong  3RD Road, Xiandai Gongyegang N.Zone  Pixian District, Chengdu, Sichuan  P.R.CHina 611730 "
56-01 80 RAFFLE PLACE UOB PLAZA I  SINGAPORE 048624 
NO.3 SHENTON WAY #18-09 SHENTON HOUSE SINGAPORE 068805  
"13rd floor, sunshine trading mansion. no. 16 shandong rd, shinan district, qingdao shangdong, china  "
NO 164 KALLANG WAY #06-07/08/09 SOLARIS@KALLANG 164 SINGAPORE 349248 
150 KAMPONG AMPAT  KA CENTRE #06-06 SINGAPORE 368324  
"NO(1), MYA SEIN YAUNG PROJECT, YANGON-PATHEIN ROAD, HLAING THAR YAR T/S, YANGON, MYANMAR. "
420 NORTH BRIDGE ROAD #01-07  NORTH BRIDGE CENTRE SINGAPORE 188727  
102F PASIR PANJANG ROAD  #07-05 CITILINK WAREHOUSE COMPLEX SINGAPORE 118530  
"GROUND FLOOR,NO.3 BUILDING AIJIA INTERNATIONAL  NO.288 WU HUA ROAD SHANGHAI, CHINA "
60 TESSENSOHN ROAD SINGAPORE 217664  
65 UBI ROAD 1 #01-80 OXLEY BIZHUB SINGAPORE 408729  
"65 UBI ROAD 1, #01-80 OXLEY BIZHUB SINGAPORE 408729  "
2 BOON LEAT TERRACE #08-02 HARBOURSIDE BUILDING 2 SINGAPORE 119844 
9 NORTH BUONA VISTA DRIVE #03-01 THE METROPOLIS (TOWER 1) SINGAPORE 138588 
"9 NORTH BUONA VISTA DRIVE, #14-01, THE METROPOLIS TOWER 1, SINGAPORE 138588  "
9 NORTH BUONA VISTA DRIVE  #03-01 THE METROPOLIS (TOWER 1) SINGAPORE 138588 
100D PASIR PANJANG #07-01 MEISSA BUILDING SINGAPORE 118520  
"NO.29,29A&29B JALAN BATU UNJUR 8 BAYU PERDANA 41200 KLANG SELANGOR DARUL EHSAN MALAYSIA "
7B KEPPEL ROAD #18-08 TANJONG PAGAR COMPLEX SINGAPORE 089055 
"C/O: IHUB SOLUTIONS PTE LTD 10 ANSON ROAD #09-01, INTERNATIONAL PLAZA S079903  "
"20 HARBOUR DRIVE #05-03 ,PSA VISTA  SINGAPORE 117612  "
"20 HARBOUR DRIVE  #05-03, PSA VISTA  SINGAPORE 117612 "
54 SERANGOON NORTH AVENUE 4 #03-01 CYBERHUB NORTH SINGAPORE 555854 
171 TRAS STREET #09-171 UNION BUILDING SINGAPORE 079025
1003 BUKIT MERAH CENREAL #05-30 SINGAPORE 159836  
"1003 BUKIT MERAH CENTRAL #05-30, SINGAPORE 159836   "
12 JALAN LEMBAH KALLANG #05-00 CONCORDE BUILDING SINGAPORE 339568 
"235 RUE DENIS PAPIN BP 137, F-38093 VILLEFONTAINE CEDEX FRANCE "
"276 OCEAN DRIVE, #02-31  THE COAST SINGAPORE 098449  "
"10TH FLOOR, TIMES PLAZA BLDG UN AVENUE COR.TAFT AVENUE ERMITA, MANILA, PHILIPPINES "
NO.14 TUAS VIEW CIRCUIT SINGAPORE 639930  
"AUGUSTINUSSTRAßE 11A, DE-50226 FRECHEN, GERMANY  "
"CORY HOUSE, HAVEN EXCHANGE  FELIXSTOWE, SUFFOLK IP11 2QX UNITED KINGDOM "
BLK 161 ANG MO KIO AVENUE 4 #02-502 SINGAPORE 560161  
"C-13F, THE SILVABAY TOWER NO. 269 HAINING ROAD SHANGHAI 200080 "
37 GUL AVENUE SINGAPORE 629677  
NO 531 WUSONG ROAD SHANGHAI 200080 CHINA 
16 Raffles Quay #36-01 HONG LEONG BUILDING SINGAPORE 048581  
16 RAFFLES QUAY  #36-01 HONG LEONG BUILDING SINGAPORE 048581 
162 GUL CIRCLE SINGAPORE 629620   
NO.4 TUAS VIEW LANE SINGAPORE 637750  
"MAIL TO: 6 SHENTON WAY, OUE DOWNTOWN 2 #18-08A                 SINGAPORE 068809 CRIMSON ADDRESS: 7 TUAS AVE 3 SINGAPORE 639406 "
"7TH FLOOR,GREPALIFE BUILDING,221 SEN.GIL PUYAT AVE MAKATI CITY 1200, METRO MANILA, PHILIPPINES  "
31 SCIENCE PARK ROAD THE CRIMSON SINGAPORE 117611  
221 HENDERSON ROAD #05-12 HENDERSON BUILDING SINGAPORE 159557 
15 TUAS AVENUE 8 SINGAPORE 639230  
29 SUNGEI KADUT STREET 4 #02-00 SUNGEI KADUT INDUSTRIAL ESTATE SINGAPORE 729054 
"BLK 25, KALLANG AVENUE, #01-01, KALLANG BASIN INDUSTRIAL ESTATE SINGAPORE 339416  "
"51, PENJURU ROAD, MEZZANINE FLOOR, FREIGHT LINKS EXPRESS LOGISTIC CENTRE  SINGAPORE 609143 "
50 TUAS AVENUE 11 #01-10 TUAS LOT SINGAPORE 639107 
NO 1 ZUOJIAZHUANG CHAOYANG DISTRICT BEIJING CHINA  
JL.MAYJEN M.T.HARYONO NO.60  KARIMUN 29624 KEPULAUAN RIAU INDONESIA  
"NO. 57-59 HO TUNG MAU STREET, BEN NGHE WARD, DISTRICT 1, HO CHI MINH CITY, VIETNAM  "
"PO BOX 3324, MANDURAH EAST 6210. WESTERN AUSTRALIA 70 RESERVE DRIVE, MANDURAH, 6210. WA "
"JL.EDAM II NO.6 RT/RW.002/016 TAJUNG PRIOK, JAKARTA UTARA  "
"66/1 RUE RAYMOND DERAIN,  59700 MARCQ-EN-BAROEUL, FRANCE "
1003 BUKIT MERAH CENTRAL #05-20 RED SINGAPORE 159836  
"C5, LEVEL 1 2 MAIN STREET POINT COOK MELBOURNE VIC 3030 AUSTRALIA"
"7 Airline Road, #03-16 Cargo Agents Building E, Changi Airfreight Centre Singapore 819834 "
"GLUCKGASSE 1 A-1010 VIENNA, AUSTRIA  "
"21-23 Aintree Ave, Airport Oaks, Auckland, NZ   "
BUKIT BATOK CENTRAL POST OFFICE PO BOX 348  SINGAPORE 916512  
"BEACON INNOVATION CENTRE, BEACON PARK,GORLESTON, GREAT YARMOUTH NR31 7RA.  "
8 SHENTON WAY #46-03 AXA TOWERS SINGAPORE 068811 
"PO BOX 73-111, AUCKLAND INTERNATIONAL AIRPORT,  AUCKLAND, NEW ZEALAND  OFFICE ADD: 21-23 AINTREE AVENUE, AIRPORT OAKS, NZ"
"JL. LRE MARTADINATA, VOLKER TANJUNG PRIOK - JAKARTA 14310  "
B LK1200 DEPOT ROAD #03-10 TO #03-21 TELOK BLANGAH INDUSTRIAL ESTATE SINGAPORE 109675
10 ADMIRALTY STREET #01-79  NORTH LINK BUILDING SINGAPORE 757695 
"ROBINSON ROAD POST OFFICE, P.O. BOX 1899 SINGAPORE 903749  "
1 ENTERPRISE ROAD SINGAPORE 629813  
ROBINSON ROAD POST OFFICE P.O.BOX OFFICE  
"7 YISHUN INDUSTRIAL STREET 1,#04-36 NORTHSPRING BIZHUB SINGAPORE 768162  "
4 TOH TUCK LINK  SINGAPORE 596226  
"56 LOYANG WAY, LOYANG ENTERPRISE #05-01,  SINGAPORE 508775  "
57 UBI AVE 1 #07-14 UBI CENTRE SINGAPORE 408936 
HOUGANG CENTRAL BRANCH P O BOX 0144 SINGAPORE 915305  
"88/125 Viphavadee-Rangsit Road (Soi 72), Seekan,  Don Muang, Bangkok 10210 Thailand  "
"TRANSEAS EXPRESS 5900 CORE ROAD  SUITE 203 NORTH CHARLESTION,SC 29406"
12 TERRACE ROAD EDENVALE  
"73B AMOY STREET (3RD FLOOR), SINGAPORE 069892   "
102F PASIR PANJANG ROAD #07-10 CITILINK COMPLEX  SINGAPORE 118530 
"10, Ubi Crescent, #03-15 Ubi Tech Park Lobby B Singapore 408564 "
CHANGI AIRFREIGHT CENTRE POST OFFICE PO BOX 1194 SINGAPORE 918118  
108 ROBINSON ROAD #09-02 FINEXIS BUILDING SINGAPORE 068900  
"51 LORONG 17 GEYLANG, #03-02  SUPERIOR IND BLDG SINGAPORE 388571  "
"10U ENTERPRISE ROAD, 3RD FLOOR SINGAPORE 627678  "
"6 SHENTON WAY #17-10, OUE DOWNTOWN 2 SINGAPORE 068809 "
"3055 S.1030 W SALT LAKE CITY, UT 84119 US  "
"33 UBI AVENUE 3, #02-07 VERTEX SINGAPORE 408868  "
"Nelson Facility- Purchasing  2200 Nelson Street  Panama City, FL 32401-4969  "
PSA TANJONG PAGAR COMPLEX #08-10 TOWER BLOCK 7B KEPPEL ROAD SINGAPORE 089055
116 NEYTHAL ROAD SINGAPORE 628603  
7 AIRLINE ROAD #02-24 CARGO AGENT BUILDING E CHANGI AIRFREIGHT CENTRE P.O BOX 952 SINGAPORE 918116
67A TUAS SOUTH AVE 1 SINGAPORE 637580   
20 HARBOUR DR #07-08 SINGAPORE 117612  
"70 ANSON ROAD, HUB SYNERGY POINT #B1-04 SINGAPORE 079905  "
237 PANDAN LOOP #06-06 TO 06-11 WESTECH BUILDING SINGAPORE 128424  
"NOORDENWEG 24P 2984AG RIDDERKERK,   "
110 TANJONG PAGAR ROAD  SINGAPORE 088527  
17.5 KM CAIRO-SUEZ ROAD CAIRO EGYPTIAN DRILLING COMPANY AS CONTRACTOR FOR KHALDA EGYPT
"111 TOWN SQUARE PLACE SUIT 1412 JERSEY CITY,NJ UNITED STATE 07310-1723  "
36 STURDEE ROAD #27-13 SINGAPORE 207855 
FISKAAVEIEN 100 4621 KRISTIANSAND NORWAY 
100 PASIR PANJANG ROAD #07-02 SINGAPORE 118518 
8 BURN ROAD  #04-08 TRIVEX  SINGAPORE 369977 
"54 Maude Road, #03-03 Townshend Building,  Singapore 208346 "
"20, HARBOUR DRIVE #07-04A PSA VISTA  SINGAPORE 117612 "
PATRICE LLUMUMBA BP 69 BAMAKO MALI  
NO. 50 CHIN SWEE ROAD  #07-02 THONG CHAI BUILDING SINGAPORE 169874 
26 BENOI PLACE SINGAPORE 629942   
8A TUAS AVE 13 SINGAPORE 638981  
"13 TUAS AVENUE 11, JURONG SINGAPORE 639079  "
"101 Upper Cross Street, #05-04 People's Park Centre Singapore 058357 "
"26 BENOI PLACE, SINGAPORE 629942   "
23 HUME AVENUE #05-02 SINGAPORE 598729   
SIEGE SOCIAL 18 RUE CHARTRAN 92522 NEUILLY  SUR SEINE CEDEX  
"ROBINSON ROAD, PO BOX 384 SINGAPORE 900734  "
ONE RAFFLES QUAY NORTH TOWER LEVEL 18 SINGAPORE 048583 
17 TRACTOR ROAD SINGAPORE 627975  
LOT B7B-3 MAS FREIGHT FORWARDING COMPLEX 64000  SELANGOR DARUL EHSAN MALAYSIA  
"BLOCK 5, ANG MO KIO INDUSTRIAL PARK 2A, #04-31 SINGAPORE 567760 "
11 KEPPEL ROAD #12-00 RCL CENTRE SINGAPORE 089057  
EBT ART ENTERPRISE NO.2 BUKIT BATOK ST24 #03-01 SKYTECH BUILDING SINGAPORE 659480
200 CANTONMENT ROAD  #12-01 SOUTHPOINT SINGAPORE 089763 
"38 WOODLANDS INDUSTRIAL PARK E1, #04-11,  SINGAPORE 757700  "
4 BENOI ROAD  SINGAPORE 629878  
28 TUAS AVE 10 SINGAPORE 639148  
200 CANTONMENT ROAD #12-02 SOUTHPOINT  SINGAPORE 089763 
11 KEPPEL ROAD #12-00 RCL CENTRE SINGAPORE 089057  
"7 AIRLINE ROAD, #05-08 CARGO AGENT BUILDING E SINGAPORE 819834 "
"102F, PASIR PANJANG ROAD #08-01 CITILINK WAREHOUSE COMPLEX SINGAPORE 118530 "
33 DEFU LANE 9 SINGAPORE 539273  
61 ALEXANDRA TERRACE #07-01/02/03 HARBOUR LINK WAREHOUSE-SINGAPORE SINGAPORE 119936 
"BLK 334, KRETA AYER #03-01 SINGAPORE 080334  "
NO.7 TUAS AVENUE 8 SINGAPORE 639222  
KULKARNI PATIL BHAVAN 2ND FLOOR  14 MURZBAN ROAD FORT MUMBAI 400001 INDIA  
NO. 61 ALPS AVENUE SINGAPORE 498798  
"HOEFSMIDSTRAAT 41 3194 AA HOOGVLIET, ROTTERDAM NETHERLANDS "
1 HARBOURFRONT PLACE #06-00 HARBOURFRONT TOWER ONE SINGAPORE 098633  
2 Leng Kee Road #05-09 Thye Hong Centre Singapore 159086 
BLK 526  JELAPANG ROAD #06-75 SINGAPORE 670526   
21 TOH GUAN ROAD EAST #08-37 TOH GUAN CENTRE SINGAPORE 608609  
178 PAYA LEBAR ROAD #03-01 SINGAPORE 409030  
"52 HYMUS BOULEVARD, SUITE #225 POINTE-CLAIRE QC, CANADA H9R 1C9  "
"24, 5TH FLOOR, ROOM 501, BLESSING WILL BUILDING, SINAKARIN ROAD, NONGBON, PRAVATE, BANGKOK 10250, THAILAND "
116 LAVENDER STREET  PEK CHUAN BUILDING #01-06 SINGAPORE 338730 
10 ANSON ROAD #20-09 INTERNATIONAL PLAZA SINGAPORE 079903 
ROBINSON ROAD POST OFFICE PO BOX 92 SINGAPORE 901827  
ROBINSON ROAD POST OFFICE PO BOX 927 SINGAPORE 901827  
18 CROSS STREET #11-08 CHINA SQUARE SINGAPORE 048423  
NO.37 KEPPEL ROAD #04-10 TANJONG PAGAR DISTRIPARK SINGAPORE 089064  
28 SENOKO SOUTH ROAD SINGAPORE 758090  
"NO 1 JALAN KLEDEK, SINGAPORE 199257   "
39 DEFU LANE 12 SINGAPORE 539139   
120 ROBINSON ROAD #05-01 SINGAPORE 068913  
"8 UBI ROAD 2, #03-29/30 Zervex Singapore 408538  "
NO 5 PENJURU LANE  SINGAPORE 609186  
"19, KEPPEL ROAD #03-08 JIT POH BUIDLING SINGAPORE 089058  "
"50 GAMBAS CRESCENT, #10-50A, PROXIMA@GAMBAS, SINGAPORE 757022  "
NO. 883 NORTH BRIDGE ROAD THE SOUTH BANK #13-02 SINGAPORE 198785 
"44, BENOI ROAD, SINGAPORE 629904   "
"114 LAVENDER STREET #05-75,CT HUB 2 (LIFT LOBBY 1) SINGAPORE 338729  "
VIBORGVEJ 52 DK-7800 SKIVE  
LINNANKATU 90 FI-20100 TURKU  
BOX 7127  SE-250 07 HELSINGBORG  
1 MARITIME SQUARE  #10-52 (LOBBY C) HABOURFRONT CENTRE SINGAPORE 099253
"15 ENGGOR STREET , #05-04 REALTY CENTRE SINGAPORE 079716 "
10 SHENTON WAY.#12-03 MAS BUILDING SINGAPORE 079117 
ROBINSON ROAD POST OFFICE PO BOX 1240 SINGAPORE 902440  
"NO. 18, JALAN CENDERAI 26, TAMAN KOTA PUTRI, MASAI 81750 JOHOR D.T. "
"RM15H, BLOCK B CENTRAL AVENUE MANSION, NO. 2004 BAOYUAN RD, BAOAN DISTRICT, SHENZHEN CHINA 518012 "
MURA DI SANTA CHIARA 1 - 16128    
"Erectors House, (12th Floor, South Wing), 18 Kemal Ataturk Avenue, Banani, Dhaka,Bangladesh. "
"100D, PASIR PANJANG ROAD, #02-01, MEISSA,  SINGAPORE 118520  "
BLK 2 KAKI BUKIT AVENUE 1 #06-06 SINGAPORE 417938  
"31 SCIENCE PARK ROAD, THE CRIMSON, SINGAPORE 117611  "
80 Genting Lane  #11-01 Ruby Industrial Complex  Singapore 349565 
"30 PIONEER ROAD , #02-01 SINGAPORE 628502  "
"118A & 118B Neil Road, Singapore 088854   "
50 GENTING LANE #03-01  CIDECO INDUSTRIAL COMPLEX  SINGAPORE 349558 
"JL PATTIMURA 15 , KEBAYORAN BARU JAKARTA 12110  INDONESIA "
61 KAKI BUKIT AVE 1 #02-17 SINGAPORE 417943  61 KAKI BUKIT AVE 1 #05-10 SHUN LI INDUSTRIAL PARK SINGAPORE 417943
FASANENWEG 6 D-65451 KELSTERBACH - GERMANY  
BLK 221 HENDERSON ROAD #01-04 HENDERSON  BUILDING SINGAPORE 159557  
Blk 511 Kampong Bahru Road #04-05 Keppel Distripark Singapore 099447 
"BLK 42, TOH GUAN ROAD EAST, #01-72, ENTERPRISE HUB  SINGAPORE 608580  "
"GADING KIRANA UTARA G10/47, KELAPA GADING, JAKARTA 14240 INDONESIA "
6TH FLOOR GREAT CHINA BUILDING  217 NANKING EAST RO 104 TAIWAN R.O.C 
"90/8, SATHORN TANI BUILDING1, 6TH FLOOR,  NORTH SATHORN ROAD, SILOM, BANGRAK, BANGKOK, 10500 THAILAND "
"NO. 2002, KNN TOWER, 30, CENTUM SEO-RO, HAEUNDAE-GU, BUSAN, 48058, KOREA "
"RM301, NO. 181, SICHUAN ROAD SHANGHAI, CHINA, 200002  "
"ROOM 503, E-COMMERCE BUILDING A, NO. 16, STREET,  LONGGANG DISTRICT, SHENZHEN, CHINA   "
"51 MOKHI GARDENS MIDDLETON, CHRISTCHURCH NEW ZEALAND "
"5A ORIENTAL FINANCIAL PARK  NO 2981 DONGFANG ROAD, PUDONG SHANGHAI 200125, CHINA "
"165 KAKI BUKIT AVENUE 1, #02-00 SHUN LI INDUSTRIAL PARK, SINGAPORE 416017  "
"49 KAKI BUKIT PLACE, EUNOS TECHPARK SINGAPORE 416227  "
1 BUKIT BATOK CRESENT #06-57 WCEGA PLAZA SINGAPORE 658064  
BLK 511 KAMPONG BAHRU ROAD #02-06 KEPPEL DISTRIPARK SINGAPORE 099447 
BLK511 KEPPEL DISTRIPARK #03-02 KAMPONG BAHRU ROAD SINGAPORE 099447 
BLK 9 KALLANG PLACE #01-01/02 KALLANG BASIN INDUSTRIAL PARK SINGAPORE 339154 
"20 SOI PHATTANAVET 12 PRAKANONG NUA, WATTANA BANGKOK, 10110 THAILAND "
"1009, 10/F., LU PLAZA 2 WING YIP STREET, KWUN TONG KOWLOON, HONG KONG "
3 TEMASEK AVENUE #16-01 CENTENNIAL TOWER SINGAPORE 039190  
45 KALLANG PUDDING ROAD #09-06 ALPHA BUILDING SINGAPORE 349317 
100 LOR 23 OFF SIMS LANE D'CENTENNIAL BUILDING  #02-03 SINGAPORE 388398  
Starndgata 10 1531 Moss Norway 
SUITE403 BUILDING 9 ECOLOGICAL BAY HONGSHUN ROAD PILOT FREE ZONE SONGLI DISTRICT TIANJIN CITY CHINA
49 KAKI BUKIT PLACE EUNOS TECHPARK SINGAPORE 416227  
165 BUKIT MERAH CENTRAL #06-3663 SINGAPORE 150165 
"ROOM 616-617, NO 11, AIRPORT PLAZA, NORTH COUNTRY GARDEN, NEW BAIYUN AIRPORT,GUANGZHOU  "
Blk 118 Aljunied Avenue 2 #07-110 Singapore 380118  
"BUILDING 341-DA NANG STR NGO QUYEN DIST, HAI PHONG   "
14 ROBINSON ROAD #03-01 FAR EAST FINANCE BUILDING  SINGAPORE 048545 
21 WOODLANDS CLOSE #05-09 PRIMZ BIZHUB SINGAPORE  737854  
"1, PAYA LEBAR LINK, #13-01, PAYA LEBAR QUARTER,  SINGAPORE 408533  "
"SOCHO 2DONG , SOCHO-KU SEOUL  "
460 ALEXANDRA ROAD #07-02 PSA BUILDING S'119963   
460 ALEXANDRA ROAD #07-02 PSA BUILDING  SINGAPORE 119963 
"1 TEMASEK AVENUE #24-05, MILLENIA TOWER SINGAPORE 039192 "
"WHARF 10, PIRRAMA ROAD PYRMONT NSW 2001 SYDNEY GPO BOX 218  "
200 CANTONMENT ROAD # 08-02 SOUTHPOINT SINGAPORE 089763 
NO.2 KALLANG PUDDING ROAD #08-03 MACTECH BUILDING SINGAPORE 349307 
1 MARITIM SQUARE #09-72 HARBOURFRONMT CENTRE SINGAPORE 099253 
"KERRY ROAD, ARCHERFIELD, QLD 4108 P.O. BOX 46, ARCHERFIELD, QLD, 4108  "
"UNIT 101, PREMIER CENTRE 20 CHEUNG SHUN STREET CHEUNG SHA WAN KOWLOON, HONGKONG"
"115A COMMONWEALTH DRIVE, #05-01, SINGAPORE 149596  "
605 MACPHERSON ROAD #01-15 CITIMAC INDUSTRIAL COMPLEX SINGAPORE 368239 
"8 NEW INDUSTRIAL ROAD, #02-02, LHK3 BUILDING SINGAPORE 536200  "
146A CHANGI ROAD SINGAPORE 419726 MAILING ADD: PO BOX 909 CHANGI AIRFREIGHT CENTRE SINGAPORE 918114
"NO.1 COMMONWEALTH LANE #07-11,ONE COMMONWEALTH SINGAPORE 149544  "
8 TUAS VUEW CIRCUIT SINGAPORE 637777   
"6 SHENTON WAY, #10-09, OUE DOWNTOWN 2 SINGAPORE 068809  "
Skagerrakvej 7 2150 Nordhavn  
NO.1 TAMPINES CENTRAL 5 SINGAPORE 529508  
71 ALPS AVENUE  #02-03 SINGAPORE 498745 
JL GADING BOULEVARD BLOK M 5 NO.28 KELAPA DUA BANTEN   
505 ANG MO KIO AVE 8 LEVEL 7 UNIT 267 SINGAPORE 560505 
"7 KEPPEL ROAD #03-51A, TANJONG PAGAR COMPLEX, SINGAPORE 089053  "
22 SOON LEE ROAD  SINGAPORE 628082  
18 KIM CHUAN TERRANCE  SINGAPORE 537040  
DO NOT USE   
2 BUKIT MERAH CENTRAL #05-08A PODIUM BUILDING  SINGAPORE 159835 
161 KALLANG WAY #06-06  KOLAM AYER INDUSTRIAL ESTATE  SINGAPORE 349 247 
750C CHAI CHEE ROAD #04-08 TECHNOPARK@CHAI CHEE  SINGAPORE 469003  
"61 ALEXANDRA TERRACE, #07-05-06  HARBOUR LINK WAREHOUSE SINGAPORE 119936 "
49 JOO KOON CRCLE SINGAPORE 629068   
1250 LIBERTY AVENUE HILLSIDE NJ 07205 UNITED STATES  
111 JALAN BESAR SINGAPORE 208831  
"BLK 7 PIONEER ROAD NORTH #01-43 ,LOKYANG LIGHT  INDUSTRIAL PARK SINGAPORE 628459  "
1 UBI CRESCENT #01-01 NUMBER ONE BUILDING SINGAPORE 408563  
1 UBI CRESENT #01-01 NUMBER ONE BUILDING  SINGAPORE 408563 
21 TOH GUAN ROAD EAST TOH GUAN CENTRE #07-24 SINGAPORE 608609
"ROOM1904, 19/F TUNG WAI  COMMERCIAL BUILDING  109-111 GLOUCESTER RD WAN CHAI, HONG KONG "
605A MACPHERSON ROAD #08-03H (88H) CITIMAC INDUSTRIAL COMPLEX SINGAPORE 368240 
11 PEMIMPIN DRIVE  #13-04 SINGAPORE 576148 
MAILING : TEBAN GARDEN POST OFFICE  P.O BOX 612 SINGAPORE 916001  
NO 5 PENJURU LANE SINGAPORE 609186  
625 ALJUNIED ROAD #04-05A  ALJUNIED INDUSTRIAL COMPLEX SINGAPORE 389836  
"101 TOWNER ROAD, #01-226 SINGAPORE 322101  "
"14TH FLOOR, CHINA RE BUILDING NO 11 JINRONGJIE AVENUE, XICHENG DISTRICT BEIJING CHINA "
20 BENOI ROAD SINGAPORE 629891  
"152 BEACH ROAD #32-00, GATEWAY EAST, SINGAPORE 189721  "
9 CHANGI BUSINESS PARK CENTRAL 1   
NO 2 HAVELOCK ROAD #06-10 HAVELOCK II SINGAPORE 059763  
"No. 101 Upper Cross Street #04-44, People’s Park Centre, Singapore 058357 "
61 KAKI BUKIT AVENUE 1 #02-17 SHUN LI IND. PARK SINGAPORE 417943 
31 International Business Park  #02-09 Creative Resource Singapore 609921
"Excalibur Centre #06-06, 71 UBI CRESCENT SINGAPORE 408571  "
"12 TUAS SOUTH STREET 7, IG LOGISTICS CENTRE, SINGAPORE 636893  "
"12 TUAS SOUTH STREET 7, IG LOGISTICS CENTRE SINGAPORE 636893  "
"25, DUXTON ROAD, SINGAPORE 089489   "
39 DUXTON HILL SINGAPORE 089617  
NO.19 SUNGEI KADUT LOOP SINGAPORE 729462   
6 Tagore Drive #02-04 Singapore 787623 
"10, PASIR PANJANG ROAD #10-01 MAPLETREE BUSINESS CITY SINGAPORE 117438 "
"89 ROSEWOOD DRIVE, #02-96, SINGAPORE 768441  "
"PO BOX:33166 DUBAI, UNITES ARAB EMIRATES  "
NO.33 UBI AVENUE 3 #08-68 VERTEX LOBBY A  SINGAPORE 408868  
"GULAB BUILDING, 5TH FLOOR, 237, P.D MELLO ROAD. OPP. GPO, MUMBAI-400001 INDIA "
162 Pandan Loop Singapore 128359  
151 CHIN SWEE ROAD #09-15/16 MANHATTAN HOUSE SINGAPORE 169876 
76 PLAYFAIR ROAD #03-05 LHK2 LOBBY 3  SINGAPORE 367996 
55 KAKI BUKIT VIEW  KAKI BUKIT TECH PARK II INNOCOM BUILDING SINGAPORE 415976
10 UBI CRESCENT #06-01 UBI TECHPARK (LOBBY A) SINGAPORE 408564  
BLK 5014 ANG MO KIO AVE 5 #04-06 TECHPLACE II   
60 CECIL STREET ISCA HOUSE SINGAPORE 049709  
HANNA-KUNATH-STR.12 D-28199 BREMEN GERMANY  
10 Hoe Chiang Road #25-02 Keppel Towers Singapore 089315  
19 TUAS ROAD SINGAPORE 638488  
BLK 511 KAMPONG BAHRU ROAD #01-06/07 KEPPEL DISTRIPARK  SINGAPORE 099447 
"PLOT 13, JOAN ROAD / THOMSON ROAD PSA NURSERY SINGAPORE 298897  "
BLK 526  JELAPANG ROAD #06-75  SINGAPORE 670526 
NO 1 JALAN KILANG TIMOR #10-00  PACIFIC TECH CENTRE SINGAPORE 159303  
"57123 LIVORNO VIA E. QUAGLIERINI, 6  "
3791 JALAN BUKIT MEARH #09-02 E-CENTRE @REDHILL SINGAPORE 159471  
VIADUCTO MIGUEL ALEMAN  679-1 COL. ROMA SURCD DE MEXICO 06760 MEXICO 
7 KEPPEL ROAD TANJONG PAGAR COMPLEX #02-05 SINGAPORE 089053  
"NO. 40 PENJURU LANE, #01-02 SINGAPORE 609216  "
"9 GALLYMEAD ROAD, COLNBROOK SLOUGH, BERKSHIRE SL3 0EN UNITED KINGDOM "
67 UBI AVENUE 1 #02-01 STARHUB GREEN SINGAPORE 408942 
STANDARD CHARTERED BANK  6 BATTERY ROAD SINGAPORE 049909  
12 WOODLANDS LOOP  #03-01 PROGEN BUILDING SINGAPORE 738283 
7 B KEPPEL ROAD #09-12 TOWER BLOCK PSA TANJONG PAGAR COMPLEX SINGAPORE 089055
"9 AIIRLINE ROAD, #02-18 CARGO AGENT'S BUILDING D SINGAPORE 819827  "
71-2B TRAS STREET SINGAPORE 079010   
"NO 36 DANYAN ROAD, DANYANG CITY, JIANGSU, P.R. CHINA  "
"NO.5-53 SUSHAN ROAD, MEILIHU  INDUSTRIAL ZONE, JINAN, CHINA  "
"1 TAMPINES NORTH DRIVE 1, #06-08 T-SPACE, SINGAPORE 528559  "
61 KAKI BUKIT AVE 1 #02-13 SHUN LI INDUSTRIAL PARK SINGAPORE 417943  
NO. 89 SHORT STREET #09-10 GOLDEN WALL CENTRE SINGAPORE 188216  
"03-03 BLK 511, KEPPEL DISTIPARK KAMPUNG BAHRU ROAD SINGAPORE 099447 "
"9 KAKI BUKIT ROAD 2,  #03-04/05/06 GORDON WAREHOUSE BUILDING, SINGAPORE 417842 "
#23-01 THE JTC SUMMIT SINGAPORE 609434  
"10 ANSON ROAD, #05-20 INTERNATIONAL PLAZA SINGAPORE 079903  "
34 WOODLANDS DRIVE 16  #02-29 SINGAPORE 737771  
21 TECH PARK CRESCENT SINGAPORE 638111  
"MULHEIMER STR.208, D-47507 DUISBURG GERMANY  "
LTC BUILDING B 12 ARUMUGAM ROAD #06-01 SINGAPORE 409958  
"GAMMELAGER 1, DK-2605 BRØNDBY, DENMARK(COPENHAGEN)   "
"34 GUL CRESCENT, SINGAPORE 629538   "
1 JURONG EAST STREET 21 SINGAPORE 609606  
BLK 283 BUKIT BATOK EAST AVE 3 #01-269 SINGAPORE 650283  
1 TUAS BAY CLOSE #04-04 LINER SINGAPORE 636997  
18 HOWARD ROAD NOVELTY BIZCENTRE #08-08 SINGAPORE 369585 
15 GUL WAY #03-01 SINGAPORE 629193   
"SELEGIE ROAD #06-01, POMO SINGAPORE 188306  "
3 DEPOT CLOSE #01-01 SINGAPORE 109840  
"3 DEPORT CLOSE, #01-01, SINGAPORE 109840   "
1003 BUKIT MERAH CENTRAL #02-12 INNO CENTRE SINGAPORE 159836 
"6 TEMASEK BOULEVARD 29TH FLOOR, SUNTEC TOWER FOUR SINGAPORE 038986 "
NO 21 TUAS AVENUE 12  SINGAPORE 639039  
120 LOWER DELTA ROAD #03-03 CENDEX CENTRE SINGAPORE 169208 
"120 LOWER DELTA ROAD #03-04, CENDEX CENTRE SINGAPORE 169208  "
"37 TANNERY LANE #04-09, TANNERY HOUSE  SINGAPORE 347790  "
"BATU KAJANG KEC. BATU SOPANG KAB. PASER EAST KALIMANTAN, INDONESIA LOGISTICS DEPT "
120 LOWER DELTA ROAD #13-10 CENDEX  SINGAPORE 169208 
7030 ANG MO KIO AVE 5 #02-23 NORTHSTAR @ AMK SINGAPORE 569880 
"AUßER DER SCHLEIFMÜHLE 60/62,  28203 BREMEN, GERMANY  "
XILIN DISTRICENTRE BUILDING A SINGAPORE 486548  
1 WALLICH STREET  #07-01 GUOCO TOWER SINGAPORE 078881 
3 CHANGI SOUTH STREET 2 XILIN DISTRIBUTION BUILDING A SINGAPORE 486548 
80 MARINE PARADE ROAD  #16-02 PARKWAY PARADE  SINGAPORE 449269 
16 RAFFLES QUAY #30-01 HONG LEONG BUILDING  SINGAPORE 048581  
BLK 164 KALLANG WAY #06-08 SINGAPORE 349248  
"10 ANSON ROAD, #20-02, INTERNATIONAL PLAZA, SINGAPORE 079903  "
"32-2 MUGYO-DONG , CHUNGU SEOUL  "
16 RAFFLES QUAY #22-00 HONG LEONG BUILDING  SINGAPORE 048581 
SINGAPORE LOGISTICS HUB 10 PIONEER CRESCENT SINGAPORE 628566 
25 CHANGI NORTH RISE SINGAPORE 498778  
"143, 4TH MAIN ROAD, BALAMURUGAN GARDENS, RAJIV GANDHISALAI (OMR), THURAIPAKAM CHENNAO-600 097, TAMIL NADU. INDIA "
"BLK 325, SEMBAWANG CRESCENT, #07-60,  SINGAPORE 750325  "
BLK 1091 LOWER DELTA ROAD #05-03 TIONG BAHRU INDUSTRIAL ESTATE SINGAPORE 169202 
21 PIONEER SECTOR 1  #01-02 SINGAPORE 628430 
PETER MERIAN-STRASSE 48 P.O.BOX CH-4002 BASEL/SWITZERLAND  
10 SIN MING DRIVE SINGAPORE 575701  
"37 PENJURU LANE #01-03, SINGAPORE 609215   "
"25/1/17: VAN VEENENDAALWEG 17 3088 HG ROTTERDAM  THE NETHERLANDS 5/8/20: Rapenburg 7, 2952 AP Alblasserdam  The Netherlands"
BLK 38 DEFU LANE 10  #03-23 SINGAPORE 539215  
BLK 201D TAMPINES STREET 21 #03-1143 SINGAPORE 524201 
"38, JOO KOON CIRCLE, SINGAPORE 629063   "
"1A SUNGEI KADUT STREET 4,  SINGAPORE 729031  "
531 UPPER CROSS STREET #04-59 HONG LIM COMPLEX SINGAPORE 050531  
BLK 531 UPPER CROSS STREET #04-59 HONG LIM COMPLEX SINGAPORE 050531  
111 NORTH BRIDGE ROAD #21-01 PENINSULA PLAZA SINGAPORE 179098 
Perum Pantai Mentari Blok N No.24 Surabaya   
"56/10, 1ST FLOOR, SOMDET PHRA CHAO TAKSIN ROAD,  BUKKALO, THONBURI, BANGKOK 10600 THAILAND  "
MARINERS HOUSE QUEEN DOCK  COMMERCIAL CENTRE  67-83 NORFOLK STREET LIVERPOOL L1 0BG
BLK 803 KING GEORGE'S AVENUE #01-178 SINGAPORE 200803  
31 SUNGEI KADUT STREET 6 (SUNGEI KADUT INDUSTRIAL ESTATE) SINGAPORE 728868 
28 LOYANG CRESCENT SINGAPORE 508990  
51 CLUB STREET #03-00 LIBERTY HOUSE SINGAPORE 069428 
4 PENJURU CLOSE    
133 NEW BRIDGE ROAD #16-01 CHINATOWN POINT SINGAPORE 059413 
37 TUAS WEST AVENUE #02-02  SINGAPORE 638428  
"ROOM 710, NO 138, PING XING GUAN ROAD ZHABEI DISTRICT SHANGHAI P. R. CHINA TEL:021-63260101 FAX:021-63260201 "
18 BOON LAY WAY TRADEHUB 21 #09-123 SINGAPORE 609966  
18 BOON LAY WAY #09-123 TRADEHUB 21  SINGAPORE 609966 
AV.TENENTE MARQUES 2181-SALA 30 POLvilho- Cajamar- SP-CEP:07750-000-CNPJ:07.159.484/0001-65  
8A TUAS AVENUE 13 SINGAPORE 638981  
"1707 FARRELL ROAD HOUSTON, TEXAS 77073  "
"ERIE UNION STATION 1406 PEACH STREET ERIE, PA 16501 USA "
7 SOON LEE STREET #01-43  ISPACE SINGAPORE 627608  
26 BOON LAY WAY TRADEHUB 21 #01-83 SINGAPORE 609970  
7 YISHUN IND ST 1 #04-36 NORTHSPRING BIZHUB SINGAPORE 768162 
"GROENNEGADE 3C 4000 ROSKILDE, DENMARK  "
606 THE COTTON EXCHANGE  OLD HALL STREET  LIVERPOOL L3 9LQ UNITED KINGDOM 
"BEDOK CENTRAL POST OFFICE,  P.O.BOX 416 SINGAPORE 914601 "
OCTAGON BUILDING 105 CECIL STREET #05-00 SINGAPORE 069534 
16 TANNERY LANE #04-00 CRYSTAL TIME BUILDING SINGA   
"1 Paya Lebar Link, #13-01 Paya Lebar Quarter, Singapore 408533 "
1 PAYA LEBAR LINK #13-01 PAYA LEBAR QUARTER SINGAPORE 408533  
"UNIT 22, 47-51 LORRAINE STREET PEAKHURST NSW 2210 PO BOX 441 MORTDALE NSW 2223 "
"117, RUE CHARLES MICHELS -BP169 93208 SAINT-DENIS CEDEX 01 FRANCE "
3 ANG MO KIO STREET 62 #01-62 (2ND FLOOR) LINK@AMK SINGAPORE 569139  
"7 AIRLINE ROAD, #01-19, CARGO AGENTS BUILDING E SINGAPORE 819834 "
31 JURONG PORT ROAD #03-10M  JURONG LOGISTICS HUB SINGAPORE 619115  
31 Jurong Port Road  #03-10M Jurong Logistics Hub Singapore 619115 
"10875 NW 33RD STREET MIAMI, FLORIDA 33172  "
"BLOCK 211 HENDERSON ROAD, #05-02, SINGAPORE 159552  "
JL.BAKARAN BATU NO.25A/55B  MEDAN-SUMATRA UTARA  
"5000 MILLER ROAD - #114 RICHMOND, BC, V7B 1K6 CANADA  "
1 Maritime Square #12-05A Harbourfront Centre Singapore 099253  
"BLK 1004, #07-1483 LORONG 8, TOA PAYOH INDUSTRIAL PARK SINGAPORE 319076  "
"8 MARINA VIEW #09-02 ASIA SQUARE TOWER 1,SINGAPORE 018960  "
"106/53 MOO 9, TUNGSUKLA, SRIRACHA, CHONBURI 20230, THAILAND  "
"29 UBI ROAD 4 #04-01 WANGI INDUSTRIAL BUILDING, SINGAPORE 408619.  "
BLK 3017 UBI ROAD 1 #02-131 SINGAPORE 408708 
"61 UBI ROAD 1, OXYLEY BIZHUB #04-01 SINGAPORE 408727 "
7 SOON LEE STREET #04-38 ISPACE SINGAPORE 627608   
"200 CANTONMENT ROAD  #14-01A, SOUTHPOINT SINGAPORE 089763 "
"11, YISHUN INDUSTRIAL STREET 1, #03-103/4, NORTH SPRING BIZHUB, SINGAPORE 768089  "
1 NORTH BRIDGE ROAD HIGH STREET CENTRE #09-05 SINGAPORE 179094 
1 PAYA LEBAR LINK #13-01 PAYA LEBAR QUARTER SINGAPORE 408533  
7 RUE CAUMARTIN  75009 PARIS FRANCE  
27 JOO KOON ROAD JURONG SINGAPORE 628982 
24 SIN MING LANE #04-101 MIDVIEW CITY  SINGAPORE 573970 
"(SINGAPORE) PTE LTD 61 STAMFORD ROAD,STAMFORD COURT, #04-01/07 S178892  "
NO.11 GUL LINK SINGAPORE 629381   
4 LENG KEE ROAD SIS BUILDING #02-07 SINGAPORE 159088 
81 UBI AVE 4 #06-30 UBI ONE  SINGAPORE 408830 
"120 LOWER DELTA ROAD  #03-10 CENDEX CENTRE, SINGAPORE 169208  "
"7500A BEACH ROAD , #14-324 THE PLAZA, SINGAPORE 199591  "
BLK 3017A UBI ROAD 1 #01-18 SINGAPORE 408709 
77 HIGH STREET #04-04 HIGH STREET PLAZA Singapore 179433 
"KOBLENZER STR. 40 57072 SIEGEN, GERMANY  "
"SPECIALIST AND TRADING JURONG POINT POSTOFFICE PO BOX 674 SINGAPORE916423 NO.2 PIONEER SECTOR 1, UNIT 6, SINGAPORE 628414 "
"53 TUAS SOUTH AVENUE 1, TUAS COVE INDUSTRIAL CENTRE, SINGAPORE 637606  "
8 CHANGI NORTH STREET 1 #02-01 SUMI SINGAPORE 498829  
42 MACTAGGART ROAD  #04-01 MACTAGGART BLDG SINGAPORE 368086 
"1, BUKIT BATOK CRESCENT, #03-29, WCEGA PLAZA, SINGAPORE 658064  "
"12 PRINCE EDWARD ROAD. #03-09 BESTWAY BLDG,  SINGAPORE 079212  "
   
NO. 1 TUAS WEST STREET SINGAPORE 637444   
"11 TAMPINES CONCOURSE #01-08 SINGAPORE 528729 AIRPORT OFFICE : 7 AIRLINE ROAD #02-09 CARGO AGENTS BUILDING E, SINGAPORE 819834"
30 BOON LAY WAY SINGAPORE 609957  
223 UBI AVENUE 4 (INTREPID WAREHOUS SINGAPORE 408813  
20 MAXWELL ROAD MAXWELL HOUSE #03-12/13/14 SINGAPORE 069113 
C/O MATCO ASIA PTE LTD NO 19 JOO KOON CRESCENT SINGAPORE 629017 
171 CHIN SWEE ROAD #04-02 CES CENTRE SINGAPORE 169877 
"No. 3, Changi North Street2, Logis Tech Building, #01-01G, Singapore 498827 "
"BUILDING 2 ROOM 5, 1ST FLOOR (LEFT) MINGALA YEIKMON HOUSING, HNINZI STREET, MINGALAR TAUNG NYUNT TOWNSHIP, YANGON MYANMAR"
"100 LORONG 23 GEYLANG,  #07-02 D'CENTENNIAL, SINGAPORE 388398  "
"311, 3RD FLOOR, V-TIMES SQUARE, SEC 15 CBD BELAPUR NAVI MUMBAI - 400614, INDIA  "
"11 COLLYER QUAY, THE ARCADE #10-06, SINGAPORE 049317  "
"54 CONCORDE DRIVE, KEILOR PARK VIC AUSTRALIA 3042  "
"PTD 109169 KAWASAN MIEL BANDAR BARU SERI ALAM VIII JALAN BUKIT 4, SERI ALAM, 81750 MASAI, JOHOR  "
174/176 GUL CIRCLE SINGAPORE 629627   
21 TOH GUAN ROAD EAST #09-21 TOH GUAN CENTRE SINGAPORE 608609 
"71 TANNERY LANE #01-01, CITY INDUST SINGAPORE 347807  "
80 PLAYFAIR ROAD #02-13E KAPO FACTORY BUILDING SINGAPORE 367998  
34 PENJURU LANE #03-03  SINGAPORE 609201  
"24 PIONEER CRESCENT, WEST PARK BIZCENTRAL #02-09, SINGAPORE 628557  "
6 SERANGOON NORTH AVE 5 #03-16 SINGAPORE 554910  
"NO 1, JALAN BERSEH,  #03-13, NEW WORLD CENTRE, SINGAPORE 209037  "
61 ROBINSON ROAD  #08-01 ROBINSON CENTRE SINGAPORE 068893 
5 TUAS AVE 2 SINGAPORE 639445  
3018 BEDOK NORTH STREET 5 #06-38 EASTLINK SINGAPORE 486132
1 HARBOURFRONT PLACE #13-01 HARBOURFRONT TOWER 1 SINGAPORE 098633 
21 KEW TERRACE SINGAPORE 466084  
10 CHANGI SOUTH LANE #02-01 SINGAPORE 486162  
AV.19 #114-65 EDIFICIO NUEVA AVENIDA EMPRESARIAL OFICINA 301. BOGOTA - (COLOMBIA)  
28 MAXWELL ROAD  RED DOT TRAFFIC #03-13 SINGAPORE 069120 
BLK 803 KING GEORGE'S AVE #02-182 SINGAPORE 200803  
23 TANJONG KLING ROAD SINGAPORE 628049  
23 TANJONG KLING ROAD SINGAPORE 628049  
"BOX 8702, SE-402 75 GOTHENBURG SWEDEN  "
73 BRAS BASAH ROAD @02-01 NTUC TRADE UNION HOUSE SINGAPORE 189556  
2 HARBOURFRONT PLACE #06-01/03 MERILL LYNCH HARBOURFRONT SINGAPORE 098499 
"(GUANGZHOU) CO., LTD 13FL, WEST TOWER, NO 159 WEST HUANGPU RD GUANGZHOU CHINA 510620 "
"21 PANDAN AVENUE, #02-01, SENKEE LOGISTICS HUB SINGAPORE 609388  "
BLK 205 PETIR ROAD $04-613 SINGAPORE 670205 
"BLK 243, TAMPINES STREET 21, #08-407, SINGAPORE 521243  "
"PSA TANJONG PAGAR COMPLEX, #09-11 TOWER BLOCK, 7B KEPPEL ROAD SINGAPORE 089055 "
BLK 531-A UPPER CROSS STREET #03-126/127/129 SINGAPORE 051531  
BLOCK NO. 511 KAMPONG BAHRU ROAD #04-02 KEPPEL DISTRIPARK SINGAPORE 099447 
"30 JURONG PORT ROAD, UNIT B1-3 JALAN BUROH WAREHOUSE COMPLEX  SINGAPORE 619103 "
"#03-18, 705 SIMS DRIVE SINGAPORE 387384  "
3A/5 KAKI BUKIT ROAD 3 EASTPOINT TERRACE  SINGAPORE 417824  
NO.19 LOYANG WAY #08-20 CHANGI LOGISTICS CENTRE SINGAPORE 508724 
5 SOON LEE STREET PIONEER POINT #06-19 SINGAPORE 627607 
"QUAY 3 , PO BOX 546 , N-4665 KRISTIANSAND  "
"A/101, JAYANT APTS. OPP. SAHAR CARGO COMPLEX, ANDHERI (E), MUMBAI-400099  "
5 ANG MO KIO INDUSTRIAL PARK 2A #04-16 AMK TECH 2 SINGAPORE 567760 
70A DUXTON ROAD SINGAPORE 069529   
135 JURONG GATEWAY ROAD #05-317 Singapore 600135 
"ITALY I VIA MOREA (Z.I.""A"") 62012 CIVITANOVA MARCHE (MC)  "
151 CHIN SWEE ROAD #07-15  MANHATTAN HOUSE SINGAPORE 169876  
"1 KIM SENG PROMENADE, GREAT WORLD C SINGAPORE 273994  "
BLOCK 334 KRETA AYER ROAD #03-06 SINGAPORE 080334 
5 TAMPINES NORTH DRIVE 5 #05-00 REEBONZ BUILDING SINGAPORE 528548  
"PLG BUILDING, 31 TUAS SOUTH LINK 4  SINGAPORE 636834  "
140 CECIL STREET #03-00 PIL BUILDIN SINGAPORE 695540  
"12 PRINCE EDWARD ROAD,  #05-01 PODIUM A, BESTWAY BUILDING  "
30 TUAS AVE 13  SINGAPORE 638996  
91 JALAN RAJA PEREMPUAN MAZWIN TAMAN RISHAH 31000 IPOH PERAK DARUL RIDZUAN MALAYSIA
8 BOON LAY WAY  #05-11 SINGAPORE 609964 
"1090 LOWER DELTA ROAD #05-05, S(169201)  "
21 CHANGI NORTH WAY PAN ASIA LOGISTICS CENTRE SINGAPORE 498774 
BLK 22 BUKIT BATOK ST 52 #09-02 SINGAPORE 659245  
FLAT ROOM 1106 FUTURA PLAZA 111 HOW MING STREET KWUN TONG HK 
16 CHANGI NORTH WAY  SINGAPORE 498772   
"NO 9 ZHENGXING STREET FENG HUANG CHENG DISTRICT FENG CHENG, LIAONING 118100 DALIAN, CHINA"
15 WEST COAST HIGHWAY #02-15 PASIR SINGAPORE 117861  
"23F-1, NO.8 MIN CHUAN 2ND RD CHIEN CHEN DISTRICT KAOHSIUNG 806 , TAIWAN Chien Chen, 806,Taiwan"
NO.10 PANDAN CRESCENT #05-03/04 (LL2) SINGAPORE 128466  
59A DUXTON ROAD SINGAPORE 089523  
BLK 511 #05-02 KEPPEL DISTRIPARK KAMPONG BAHRU ROAD SINGAPORE 099447 
"BATU AMPAR KAV,143 BATAM INDONESIA  "
"25 LOYANG CRESCENT, LOYANG OFFSHORE SUPPLY BASE MAILBOX NO. 5091 BLOCK 302 TOPS AVE 3 #03-03,09,10 SINGAPORE 508988 "
"#1305, KNN TOWER ,30, CENTUM SEO-RO,  HAEUNDAE-GU, BUSAN,KOREA  "
3 SOON LEE STREET #05-12 PIONEER JUNCTION  SINGAPORE 637606  
3 TEMASEK AVENUE CENTENNIAL TOWER #15-01 SINGAPORE 039190 
"LOYANG OFFSHORE SUPPLY BASE LOYANG CRESCENT  BLK 103 TOPS, AVE 1 #08-01 SINGAPORE 508988"
   
"150 KAMPONG AMPAT, #06-04 KA CENTRE SINGAPORE 368324  "
"#08-19 & 08-05 CARGO AGENT BLDG ""C"" PO BOX 735 CHANGI AIRFREIGHT CENTRE SINGAPORE 918106 "
10 Tuas Avenue 13 Singapore 638983  
"UNIT 307-309, 3/F BLK B, HI-TECH INDUSTRIAL CENTRE NO.491-501 CASSTLE PEAK ROAD TSUEN WAN NEW TERRITORIES HONG KONG"
17 KRANJI LOOP SINGAPORE 739551   
48 PANDAN LOOP  SINGAPORE 609289  
15 WOODLANDS LINK SINGAPORE 738726  
Potvlietlaan 7 | 2600 Berchem | Antwerp | Belgium BTW : BE 0414.348.267 | RPR Antwerpen  
21 WOODLAND CLOSE #08/21 PRIMZ BIZHUB  SINGAPORE 737854  
15 SERANGOON NORTH AVENUE 5 SINGAPORE 554360  
"Realty Centre, 15 Enggor Street, #11-03/04 ,  (S) 079716  "
"115 AIRPORT CARGO ROAD  #06-01, CARGO AGENTS BUILDING C CHANGI AIRFREIGHT CENTRE SINGAPORE 819466"
"NO.2 CLEMENTI LOOP, #03-01,  LOGISHUB@CLEMENTI, SINGAPORE 129809  "
"4TH FLOOR, TONSON BUILDING, UNIT 403,  50 SOI TONSON, PLOENCHIT ROAD, LUMPINI ROAD, LUMPINI, PATHUMWAN, BANGKOK 10330, THAILAND "
62 UBI ROAD 1 OXLEY BIZHUB 2 #10-06 SINGAPORE 408734 
228 CHANGI ROAD  #03-11 ICON SINGAPORE 419741 
"BLK 4012 ANG MO KIO AVENUE 10, #02-10 TECHPLACE 1, SINGAPORE 569628  "
"SAMPOERNA STRATEGIC SQUARE SOUTH TOWER LT 18, JL. JEND. SUDIRMAN KAV 45-46 RT 003, RW 004, SETIABUDI JAKARTA SELATAN 12930"
17 CHANGI BUSINESS PARK CENTRAL 1  #05-01 HONEYWELL BUILDING SINGAPORE 486073 
48 TOH GUAN ROAD EAST ENTERPRISE HUB #01-119/120 SINGAPORE 608586  
"ZAMYINZWEL/665,KHAYMAR THI STREET, NORTH OKALAPA TOWNSHIPYANGON, MYANMAR  "
460 ALEXANDRA ROAD  PSA BUILDING SINGAPORE 119963 
PLAZA PARK VIEW 3RD FLOOR JL TAMAN KEMANG  NO.27 JAKARTA SELATAN 12730 INDONESIA 
INDUSTRIAL PARK NO 5 BAYU AMPAR BLOK B BATAM 29432 INDONESIA 
JL.RAWA GELAM 1 NO 9 KAWASAN INDUSTRI PULOGADUNG JATINEGARA CAKUNG 13930 JAKARTA INDONESIA
PANTAI MENTARI BLOK N NO.24 KENJERAN SURABAYA 60123  
JL EMGGANO 15 BLOK B-1 TANJUNG PRIOK JAKARTA UTARA 14310  
30A Hillview Terrace Singapore 669247  
"10 ANSON ROAD #24-09 INTERNATIONAL PLAZA,  SINGAPORE 079903 "
"1 WALLICH STREET, #35-01, GUOCO TOWER, SINGAPORE 078881  "
10TH FLAT B OF FUTAI BUILDING NO.18 HONGKONG MIDDELE ROAD SHINAN DISTRICT QINGDAO CHINA
"FLOOR 14, CHERRY MANSION. NO 2 NANJING ROAD QINGDAO CHINA  "
101A UPPER CROSS STREET #12-20 PEOPLE PARK CENTRE  
239 UBI AVE 4 INTREPID WAREHOUSE COMPLEX SINGAPORE 408821 
"10 UBI CRESCENT #03-32, UBI TECHPARK LOBBY B SINGAPORE 408564  "
21 BUKIT BATOK CRESCENT #29-73 WCEGA TOWER SINGAPORE 658065  
50 BUKIT BATOK STREET 23 #07-10 MIDVIEW BUILDING SINGAPORE 659587  
"998 Toa Payoh North, #03-14/15, Singapore 318993   "
1 PEMIMPIN DRIVE #05-07 ONE PEMIMPIN SINGAPORE 576151  
25 TANNERY LANE SINGAPORE 347786  
"9 NORTH BUONA VISTA DRIVE  #04-05 THE METROPOLIS, TOWER 1 SINGAPORE 138588 "
60 ALEXANDRA TERRACE #10-22 LOBBY D THE COMTECH SINGAPORE 118502 
9 BATTERY ROAD #25-01 STRAITS TRADING BUILDING SINGAPORE 049910 
2 LENG KEE ROAD #05-09 THYE HONG CENTRE SINGAPORE  SINGAPORE 159086  
AS TRUSTEE OF ESR-REIT 8 CHANGI BUSINESS PARK AVENUE 1 SINGAPORE 486018  
NO.35 TAMPINES INDUSTRIAL AVE 5 T5 @ TAMPINES SINGAPORE 528627  
"21 TOH GUAN ROAD EAST #05-02, TOH GUAN CENTRE SINGAPORE 608609  "
BLK 16 KALLANG PLACE #01-02 KALLANG BASIN INDUSTRIAL ESTATE  
16 & 18 JALAN MESIN SINGAPORE 368815   
8 KAKI BUKIT 2 #03-33 RUBY WAREHOUSE COMPLEX SINGAPORE 417841 
"UNIT 10 NANGONEK BUSINESS CENTER BUHAY NA TUBIG  IMUS CITY, CAVITE PHILIPPINES"
"801 LORONG 7 TOA PAYOH #05-02 WEARNERS TECHNOLOGY  BUILDING, SINGAPORE 319319  "
1 BROOKE ROAD #02-33 KATONG PLAZA  SINGAPORE 429979  
10 HOE CHIANG ROAD #10-01 KEPPEL TOWERS  SINGAPORE 089315  
8 SHENTON WAY  #42-04 AXA TOWER  SINGAPORE 069811 
"71 TUAS BAY DRIVE,  SINGAPORE 637430  "
NO.1 BUKIT BATOK CRESCENT #09-24 WCEGA PLAZA SINGAPORE 658064  
THE TOWER GUARDIAN AVENUE NORTH STIFFORD GRAYS  ESSEX RM16 5 US U.K  
ROOM 901 HUIJINYUAN. NO.309 CHANGJIANG MID ROAD JINGANG TOWN  ZHANGJIAGANG CITY JIANGSU PROVINCE CHINA 
34 BOON LEAT TERRACE #05-16 SINGAPORE 119866   
160 ROBINSON ROAD #20-04 SBF CENTER SINGAPORE 068914  
101 CECIL STREET #14-11 TONG ENG BUILDING  SINGAPORE 069533 
"9 NORTH BUONA VISTA DRIVE #04-05,THE METROPOLIS TOWER 1 SINGAPORE 138588  "
POSTFACH 10 44 41 D-40035 DUSSELDORF  
NO.1 JALAN SAMULUN  SINGAPORE 629119  
"200 CANTONMENT ROAD, #05-08A SOUTHPOINT SINGAPORE 089763 "
"MANAGEMENT, ACCOUNTS, SALES & SEAFREIGHT OFFICE: 3A JALAN TERUSAN  SINGAPORE 619302 "
8 COMMONWEALTH LANE #04-01 UTRACO GREENTACH BUILDING SINGAPORE 149555.  
90 TUAS AVENUE 11 SINGAPORE 639101  
PO BOX 384 BEENLEIGH QUEENSLAND 4207  
9 TEMASEK BOULEVARD #40-01 SUNTEC TOWER 2 SINGAPORE 038989 
11 CLEMENTI LOOP  SINGAPORE 129813  
"30 PASIR PANJANG ROAD #03-32, MAPLETREE BUSINESS CITY  "
6 RAFFLES QUAY #25-01 SINGAPORE 048580  
76 CHOA CHU KANG AVE 5 #05-31 SINGAPORE 688199  
"7 AIRLINE ROAD, CARGO AGENTS BUILDING E #01-01 SINGAPORE 819834  "
43 CHANGI SOUTH AVE 2 SINGAPORE486164  
25 CHANGI SOUTH STREET 1 SINGAPORE 486059   
70 ALPS AVENUE UNIT NO.01-02 & 02-02 SINGAPORE 498901 REP.OF SINGAPORE
164 GUL CIRCLE #01-14 JTC SPACE@GUL SINGAPORE 629621  
10 RAEBURN PARK BLOCK A #04-01 SINGAPORE 088702 
POSTBOKS 274 1531 MOSS NORWAY 
"221 HENDERSON ROAD, #05-12,  HENDERSON BUILDING, SINGAPORE 159557  "
BLK 221A JURONG EAST STREET 21 #02-897 SINGAPORE 601221 
18/F B WORLD JINLONG TOWER NO.159 WUSI ROAD FUZHOU CITY FUJIAN CHINA  
"8/F , 102 AUSTIN ROAD, TSIM SHA TSUI, KOWLOON,HONGKONG  "
25B LOYANG CRESCENT #03-14 SINGAPORE 506817  
1 PAYA LEBAR LINK #13-01 PAYA LEBAR QUARTER SINGAPORE 408533  
"51 GOLDHILL PLAZA, #15-02/03, SINGAPORE 308900  "
7030 ANG MO KIO AVE 5 #06-21 NORTHSTAR @ AMK SINGAPORE 569880 
14 PIONEER SECTOR 2 SINGAPORE 628375  
"50 COLLYER QUAY, #06-04 OUE BAYFRONT  SINGAPORE 049321  "
81 TOH GUAN ROAD EAST #01-01 SECOM CENTRE SINGAPORE 608606  
WISMA ATRIA #11-00 435 ORCHARD ROAD SINGAPORE 238877  
133 NEW BRIDGE ROAD #08-09 CHINATOWN POINT SINGAPORE 059413 
NO 38 SUNGEI KADUT STREET 2 SINGAPORE 729245  
18 MOHAMED SULTAN ROAD #02-01 SINGAPORE 238967   
SINGAPORE PTE LTD 30 BOON LAY WAY #03-01 SINGAPORE 609957  
3 TOH TUCK LINK #01-02/03 SINGAPORE 596228  
"13/F, Ruifeng International Tower, No.248 Yangshupu Road, Shanghai 200082 P.R. China "
"9F, YUE YANG MANSION NO.58 YUEZHOU RD. SHANGHAI 200086 CHINA  "
"BANK OF CHINA, SHANGHAI BRANCH  200MID,YINCHENG ROAD, PUDONG AREA, SHANGHAI, CHINA "
COGENT 1 LOGISTICS HUB 1 BUROH CRESCENT #6M-01 SINGAPORE 627545  
COGENT 1 LOGISTICS HUB 1 BUROH CRESCENT #6M-01 SINGAPORE 627545  
"2 #YANTIAN STREET XIXIANG,BAO'AN DISTRICT SHENZEN   "
ROBINSON ROAD POST OFFICE P.O. BOX 1196 SINGAPORE 902346  
"TRANSPORTATION LTD 34/F, INTERNATIONAL TRADE COMMERCIAL BUILDING, NO 3005, NANHU ROAD, LUOHU DISTRICT, SHENZHEN CHINA"
"No. 228 JingSan Road, No. 228 JingSan Road Tianjin Airport Economics Area, Tianjin P.R. China  "
10 RAEBURN PARK #01-32 SINGAPORE 088702  
55 MCDOUGALL STREET MILTON QLD 4064 AUSTRALIA 
"115 AIRPORT CARGO ROAD #07-12,CARGO AGENTS BLDG C PO BOX 637,CHANGI AIRFREIGHT CENTRE,(S) 918105  "
"47 Hill Street, Level 1, Singapore 179365 SCCCI Building  "
"48 TOH GUAN ROAD EAST  #04-145, ENTERPRISE HUB SINGAPORE 608586 "
UNIT 04-07 CARGO AGENT BUILDING C BOX 706 CHANGI AIR FREIGHT CENTRE SINGAPORE 819466  
6 RAFFLES QUAY #24-02 SINGAPORE 048580  
"1 JALAN PUCHONG, TAMAN PERINDUSTRIAN PUCHONG UTAMA 47100 PUCHONG, SELANGOR DARUL EHSAN MALAYSIA "
APT BLK 637  #12-125 JURONG WEST STREET 61 SINGAPORE 640637  
160 ROBINSON ROAD #06-01 SBF CENTER SINGAPORE 068914  
10 HOE CHIANG ROAD #20-03 KEPPEL TOWERS  SINGAPORE 089315  
"KAWASAN INDUSTRI PERTAMA SARANA UNGGULAN BLOK D NO.8, BATAM CENTRE, PULAU BATAM-INDONESIA  "
"BUKIT MERAH CENTRAL POST OFFICE, PO BOX 540, SINGAPORE 911532  OUTRAM ROAD SINGAPORE 169608"
15 JALAN PINANG  SINGAPORE 199147  
20 TEBAN GARDENS CRESCENT  SINGAPORE 608928  
ORCHARD P.O.BOX 400 SINGAPORE 912314  
31 STANLEY STREET SINGAPORE 068740  
"167 JALAN BUKIT MERAH  #02-13, TOWER 5 SINGAPORE 150167 "
137 TELOK AYER STREET #07-08 SINGAPORE 068602  
9 JURONG TOWN HALL ROAD #03-35 TRADE ASSOCIATION HUB SINGAPORE 609431  
7030 ANG MO KIO AVE 5 #09-40 NORTHSTAR@AMK SINGAPORE 569880 
7 TUAS AVE 6  SINGAPORE 639296  
11 THIRD HOSPITAL AVENUE SINGAPORE 168751  
1000 NEWS CENTRE SINGAPORE 318995 (PLS CHECK ADDRESS)  
500 DOVER ROAD SINGAPORE 139651  
"RED CROSS HOUSE, 15 PENANG LANE SINGAPORE 238486  ATTN: ACADEMY - ACCOUNTS"
"200 Cantonment Road, #09-01 Southpoint, Singapore 089763  "
3 CHURCH ST #12-04 SAMSUNG HUB SINGAPORE 049483 
200 CANTONMENT ROAD #02-05 SOUTHPOINT SINGAPORE 089763 
3 SHENTON WAY #24-08 SHENTON HOUSE SINGAPORE 068805 
9 AIRLINE ROAD #02-03 CARGO AGENTS BUILDING D  SINGAPORE 010475  
NO. 12 BENOI SECTOR SINGAPORE 629846  
"(DONT USE) 200 CANTONMENT ROAD, #09-01 SOUTHPOINT, SINGAPORE 089763  "
BLK167 JALAN BUKIT MERAH #02-13 CONNECTION ONE TOWER 5 SINGAPORE 150167  
CHANGI AIRFREIGHT CENTRE PO BOX 544  SINGAPORE 918102.  
"115 AIRPORT CARGO ROAD, CARGO AGENT BLDG 'C' #01-09 CHANGI AIRFREIGHT CENTRE PO BOX 974 SINGAPORE 918116"
14811 ST MARY'S LANE SUITE 265 FMC 011325NF HOUSTON TX 77079 
460 ALEXANDRA ROAD  #15-01A PSA BUILDING SINGAPORE 119963 
70 ALPS AVENUE #03-06 SINGAPORE 498801  
"NO 1 COMMONWEALTH LANE, #03-23 ONE COMMONWEALTH SINGAPORE 149544   "
NO 1 COMMONWEALTH LANE #03-23 ONE COMMONWEALTH SINGAPORE 149544 
SOUTH SULAWESI INDONESIA 92984   
"RUA PAMPLONA 145 SP, BELA VISTA SAO PAULO SP 01405-000 BRAZIL "
"36/F, TOWER TWO, TIMES SQUARE 1 MATHESON STREET, CAUSWAY BAY, HONGKONG.   "
2024 BUKIT BATOK STREET 23  #03-28 SINGAPORE 659529 
33 TUAS BASIN LINK JURONG TOWN SINGAPORE 638768  
"163 TRAS STREET, #05-02 LIAN HUAT BUILDING SINGAPORE 079024 "
5F NO 155 XINHU 1ST RD NEIHU DIST TAIPEI CITY 114 TAIWAN R.O.C  
100C PASIR PANJANG ROAD #04-01 SLC SINGAPORE 118519  
70 SHENTON WAY #09-02 MARINA HOUSE SINGAPORE 079118  
BLK 519 #01-102 KEPPEL DISTRIPARK KAMPONG BAHRU ROAD SINGAPORE 099453 
52 SUNGEI KADUT AVENUE STAR BUILDING  SINGAPORE 729675 
100D PASIR PANJANG ROAD #06-04/05 MEISSA SINGAPORE 118520 
#07-00 STARHUB CENTRE SINGAPORE 229469  
80 MARINE PARADE ROAD #16-04 PARKWAY PARADE SINGAPORE 449269 
2 BUKIT MERAH CENTRAL #11-01 SPRING SINGAPORE SINGAPORE 159835 
10 ANSON ROAD #22-07 INTERNATIONAL PLAZA SINGAPORE 079903
"456 Alexandra Rd, #25-01 Singapore 119962  "
"DUBOISSTRAAT 39 - BUS 2 BE-2060 ANTWERPEN, NAAMLOZE VENOOTSCHAP, BELGIUM  "
BLK 211 WOODLANDS AVENUE 9 SPECTRUM II @07-89 SINGAPORE 738960
"7 TEMASEK BOULEVARD, #18-03A SUNTEC TOWER ONE SINGAPORE 038987 "
BLK 209 JURONG EAST ST 21 #01-357 SINGAPORE 600209  
8 WILKIE ROAD #03-08 WILKIE EDGE SINGAPORE 228095  
NO. 61 CIRCULAR ROAD #02-01 SINGAPORE 049415  
"PO BOX 265, ARTARMON NSW 1570   "
6D MANDAI ESTATE #05-01 M-SPACE SINGAPORE 729938   
"Rm.414 wing on plaza,62 mody road,tsim sha tsui   "
NO.1 HARBOURFRONT PLACE #01-09 HARBOURFRONT TOWER ONE SINGAPORE 098633  
18 TUAS SOUTH STREET 5 SINGAPORE 637796  
BLK 121 PASIR RIS STREET 11  #10-471 SINGAPORE 510121  
11 CHANGI SOUTH STREET 3 #03-02 SINGAPORE 486122  
45 GENTING LANE #05-01 GENTING WAREHOUSE COMPLEX (S) 349557  
25 LOYANG CRESCENT  BLK 103 #03-03 SINGAPORE 508988  
65 JURONG WEST CENTRAL 3 #15-02 (THE CENTRIS) SINGAPORE 648332 
15 JOO KOON ROAD SINGAPORE 628976  
10 UBI CRESCENT #07-42 UBI TECHPARK LOBBY C SINGAPORE 408564 
"41, KIAN TECK DRIVE SINGAPORE 628855  "
420 NORTH BRIDGE ROAD  #05-08 NORTH BRIDGE CENTRE SINGAPORE 188727 
"24, GUL DRIVE, SINGAPORE 629472 (JURONG)  "
BLK 48 TOH GUAN ROAD EAST  #01-97 ENTERPRISE HUB SINGAPORE 608586 
48 GUL AVENUE SINGAPORE 629681  
"102E, PASIR PANJANG ROAD, #04-02,  CITILINK WAREHOUSE COMPLEX, SINGAPORE 118529  "
BLK 1013 #05-170 GEYLANG EAST AVENUE 3 SINGAPORE 389728  
"203 HENDERSON ROAD, #10-06 HENDERSON INDUSTRIAL PARK  SINGAPORE 159546 "
17 SUNGEI KADUT STREET 6 SUNGEI KADUT INDUSTRIAL ESTATE SINGAPORE 728862 
"201 JONES ROAD  1ST FLOOR WALTHAM, MA 02451 UNITED STATES "
2 SUNGEI KADUT STREET 3  SINGAPORE 729137  
"170 UPPER BUKIT TIMAH ROAD #05-23,#05-27,#05-22, #05-18 BUKIT TIMAH SHOPPING CENTRE SINGAPORE 588179 "
JL. TULODONG BAWAH X NO. 17 JAKARTA SELATAN 12190 INDONESIA 
2 Loyang Way 1 Singapore 508703   
"#19/B, SEIN LAI MAY AVENUE KABAAYE PAGODA ROAD YANKIN YANGON MYANMAR 11081 "
GLOBAL TRADE AND RECEIVABLES FINANCE 20 PASIR PANJANG ROAD (EAST LOBBY) #11-21 MAPLETREE BUSINESS CITY SINGAPORE 117439
"29 WERTHEIM COURT, UNIT 14 RICHMOND HILL, ON CANADA, L4B 3A8  "
65 LORONG 24A GEYLANG SINGAPORE 398589  
"10 UBI CRESCENT, #05-65 UBI TECHPARK (LOBBY D), SINGAPORE 408564 "
"TURBORG PARKVEJ 10, 1ST FLOOR 2900 HELLERUP DENMARK "
7 TUAS AVENUE 2 SINGAPORE 639447  
1 TANNERY ROAD #02-02 ONE TANNERY SINGAPORE 347719 
"24 SIN MING LANE, #05-96 MIDVIEW CITY,  SINGAPORE 573970  "
"15/B-15/F, CHEUK NANG PLAZA 250 HENNESSY ROAD, HONG KONG  "
30 CHANGI SOUTH STREET 1 SINGAPORE 486770   
"No.15 Pandan Crescent, Singapore 128470   "
"ROCHOR POST OFFICE, PO BOX 977, SINGAPORE 911838  "
"5 CHANGI SOUTH Lane #06-01, Changi Districentre SINGAPORE 486045  "
UNION BUILDING #06-177/179 171 TRAS STREET SINGAPORE 079025  
"BLK 103 TOPS AVENUE 1, #08-01 LOYANG OFFSHORE SUPPLY BASE 25 LOYANG CRESCENT, SINGAPORE 508988 "
"NO 281 KAKI BUKIT AVE 1, SHUN LI INDUSTRIAL PARK, SINGAPORE 416075  "
"WEST PARK BIZCENTRAL, 30 PIONEER CRESCENT, #07-16, SINGAPORE 628560  DEPOT OFFICE: 23 PIONEER SECTOR 1,SINGAPORE 628431"
100 BEACH ROAD #16-01/03 SHAW TOWER  
237 PANDAN LOOP #07-04 WESTECH BUILDING  SINGAPORE 128424  
"14A XINMEI BLDG, NO 585 MIDDLE TIANMU RD, SHANGHAI CHINA  "
190 MIDDLE ROAD #03-02 FORTUNE CENTRE SINGAPORE 188979 
"18E TIMES PLAZA NO.1 TAIZI ROAD SHEKOU SHEKOU SHENZHEN,R.R CHINA 518067  "
"402,4TH FLOOR,MALHOTRA CHAMBERS,BSD MARG, OFF GOVANDI STATION RD.,GOVANDI EAST,MUMBAI-400088 INDIA "
22 TUAS AVE 8 SINGAPORE 639237  
"60, ALBERT STREET, #13-09 OG ALBERT COMPLEX  SINGAPORE 189969 "
39 PANDAN ROAD SINGAPORE 609281  
"60 PAYA LEBAR RD #04-20 (LOBBY 1), PAYA LEVAR SQUARE SINGAPORE 409051 "
International Logistic Services Am Holzhafen 8 28217 Bremen - Germany 
101 UPPER CROSS STREET PEOPLE'S PARK CENTRE B1-32 SINGAPORE 058357  
22-11 10 ANSON ROAD INTERNATIONAL PLAZA SINGAPORE 079903 
1090 LOWER DELTA ROAD #02-01/02 TIONG BAHRU INDUSTRIAL ESTATE SINGAPORE  169201 
511 KAMPONG BAHRU ROAD #03-06 KEPPEL DISTRIPARK SINGAPORE 099447 
BLOCK 511 KAMPUNG BAHRU ROAD #03-06 KEPPEL DISTRIPARK SINGAPORE 099447  
371 BEACH ROAD #02-38 KEYPOINT SINGAPORE 199597   
TANGO DELTA SITE KPC SANGATTA INDONESIA  
"ROOM 3201, PCCW TOWER 979 KING'S ROAD, QUARRY BAY HONG KONG  "
"NO 52, WOODLANDS INDUSTRIAL PARK E7, SINGAPORE 757825  "
777 UPPER SERANGOON ROAD  #01-02 SINGAPORE 534645  
6 TEMASEK BOULEVARD #21-06 SUNTEC TOWER FOUR SINGAPORE 038986 
5 PENJURU LANE SINGAPORE 609186   
"4, Jalan Pesawat Singapore 619362  "
152 PAYA LEBAR ROAD #04-06  CITIPOINT@PAYA LEBAR SINGAPORE 409020  
7 TUAS AVENUE 2 SINGAPORE 639447  
1 SCIENCE PARK DRIVE SINGAPORE 118221  
49 TUAS VIEW CLOSE   
"7 Temasek Boulevard,  Suntec Tower One, #07-04/05 Singapore 038987 "
12 TANJONG PENJURU CRESCENT SINGAPORE 608975  
1 ROCHOR CANAL ROAD #03-10 (PLACE TO COLLECT) #03-69 SIM LIM SQUARE (S)188504 
108 INTERNATIONAL ROAD  SINGAPORE 629173  
200 Jalan Sultan #13-01 Textile Centre  Singapore 199018  
10 HOE CHIANG ROAD #12-05 KEPPEL TOWERS SINGAPORE 089315 
11 TAMPINES STREET 92 #03-01 TAMPINES BIZ-HUB SINGAPORE528872 
13FL WEST TOWER NO 159 WEST HUANGPU RD GUANGZHOU CHINA  
UPSS HOUSE LEVEL 3 22 CHANGI SOUTH SINGAPORE 486064  
"#704,49,MAPO-DAERO, MAPO-GU, SEOUL 04158 KOREA  "
BLK 134 #04-309L JURONG GATEWAY ROAD SINGAPORE 600134  
2 SIMS CLOSE  #03-05 GEMINI @ SIMS  SINGAPORE 387298 
NO 1 BUKIT BATOK CRESCENT #06-22 WCEGA PLAZA  SINGAPORE 658064 
1 ROCHOR CANAL ROAD #03-01 (COLLECTION) #03-69 SIM LIM SQUARE (S) 188504 
6 CHANGI SOUTH LANE SINGAPORE 486400  
31 ALPS AVENUE  7 FLOOR SINGAPORE 498784 
"MIGUEL ANGEL DE QUEVEDO, NO.578, INT.1, COLONIA BARRIO SANTA CATARINA, C.P. 04010, MEXICO  "
RADHUSTORGET 10  2ND FLOOR SE 252 21 HELSINGBORG  
NEWARK NJ. 07101-5308 NEW YORK  
DATONG DISTRICT TAIPEI 103  
8650 DARNLEY RD MONT-ROYAL QUEBEC CANADA H4T 1M4 
100C PASIR PANJANG ROAD #05-02 SINGAPORE 118519  
"SUITE 801-802, 209 GIANG VO, DONG DA DIST, HANOI, VIETNAM  "
"9 #04-23 CARGO AGENTS BIULDING D, B CHANGI AIRFREIGHT CENTRE SINGAPORE 918113 "
2B SUNGEI KADUT DRIVE SINGAPORE 729555  
133 NEW BRIDGE ROAD #19-08 CHINATOWN POINT SINGAPORE 059413  
FROBENSTRAAT 19C 3045 RD ROTTERDAM THE NETHERLANDS 
"UNIT 02-03, 11/F, MILLENNIUM TRADE CENTRE 56 KWAI CHEONG ROAD, KWAI CHUNG, N.T. (KWAI HING MRT STATION, EXIT A) "
3 CHANGI SOUTH STREET 1 SINGAPORE 486795  
"NO.2 BUKIT MERAH CENTRAL, #05-08B SINGAPORE 159835  "
200 BUKIT TIMAH ROAD SINGAPORE 229862   
"24, SIN MING LANE, #03-91, MIDVIEW CITY  SINGAPORE 573970 "
"7030 ANG MO KIO AVE 5 #06-16, NORTHSTAR@AMK SINGAPORE 569880 "
10 HOE CHIANG ROAD #24-01 KEPPEL TOWERS SINGAPORE 089315 
85 MAUDE ROAD SINGAPORE 208357  
9 KIAN TECK WAY SINGAPORE 628735  
1-7 LINK WAY (OFF LEAKES ROAD).  LAVERTON NORTH VIC 3026  
991 ALEXANDRA ROAD #02-04/05 SINGAPORE 119964  
"UNIT 8A, 443 WEST BOTANY ST ROCKDALE NSW 2216 AUSTRALIA "
"10 HOE CHIANG ROAD #25-01, KEPPEL TOWER SINGAPORE 089315 "
"GRAHA LINTAS MULTI BENUA, JL. ADITIAWARMAN I NO.2 JAKARTA SELATAN - 12160 "
NO 53 LOYANG WAY SINGAPORE 508746  
37 JURONG PORT ROAD SINGAPORE 619110   
39 JALAN TEPONG  SINGAPORE 619347  
"ROOM B1, 4FL, GAOYANG MANSION SHANGHAI, CHINA , 200082  "
71 BUKIT BATOK CRESCENT #11-01 PRESTIGE CENTRE SINGAPORE 658071 
"10 EUNOS ROAD 8, #14-04 SINGAPORE POST CENTRE SINGAPORE 408600  "
1 RAFFLES QUAY #28-10 SOUTH TOWER SINGAPORE 048583  
"rooms 1807-12, Lu Plaza  2 wing yip street  kowloon  Hong kong "
186 PANDAN LOOP SINGAPORE 128376   
30 DEFU LANE 10 #02-98 SINGAPORE 539211 
"RM1111, QIURUI BUILDING, 207# MINKANG RD, MINGZHI SUB-DISTRICT, LONGHUA, SHENZHEN, P.R.CHINA  "
59 NEIL ROAD SINGAPORE 088894  
NO. 12 TUAS VIEW CIRCUIT SINGAPORE 637468  
12 TUAS VIEW CIRCUIT SINGAPORE 637468   
"2 BOON LEAT TERRACE,  #08-01 HARBOURSIDE BUILDING 2, SINGAPORE 119844  "
6 TUAS AVENUE 6  SINGAPORE 639311  
"NO. 589/592, BO AUNG KYAW STREET, YANGON-PATHEIN HIGHWAY ROAD, HLANG THARYAR TOWNSHIP, POSTAL CODE 11401 "
JI KEBAYORAN LAMA NO 155 JAKARTA 11560 INDONESIA  
217 HENDERSON ROAD #04-07 SINGAPORE 159555  
79 JOO KOON CIRCLE SINGAPORE 629107  
12 MARINA BOULEVARD LEVEL 28 MARINA BAY  FINANCIAL CENTRE TOWER 3 SINGAPORE 018982 
"180 TELOK AYER STREET, THE WORLDGATE SINGAPORE 068628  "
16F JUNJIANG INTERNATIONAL BUILDING NO.228 NINGGUO ROAD YANGPU DISTRICT SHANGHAI CHINA 200090
"3791, JALAN BUKIT MERAH #09-10, E-CENTRE @ REDHILL SINGAPORE 159471 "
"NO.3 SOON LEE STREET #06-12 PIONEER JUNCTION, SINGAPORE "
31 TOH GUAN ROAD EAST #06-05 LW TECHNOCENTRE SINGAPORE 608608 
NO 258 11/F YINGLOYG BUILDING DONGDU ROAD XIAMEN CHINA 
171 CHIN SWEE ROAD #08-01 CES CENTRE SINGAPORE 169877
79 ROBINSON ROAD #27-00 SINGAPORE 068897 
"27-00 79 ROBINSON ROAD, CPF BUILDIN SINGAPORE 068897  "
"3B SURIN AVENUE, ONE SURIN SINGAPORE 533938  "
"11 MANDAI ESTATE #03-02, ELDIX, SINGAPORE 729908   "
8 TUAS VIEW CIRCUIT  SINGAPORE 637777  
48 TOH GUAN ROAD EAST #01-143 #01-144 ENTERPRISE HUB SINGAPORE 608586  
4015 ANG MO KIO INDUSTRIAL PARK 1 #01-502 SINGAPORE 569631  
"41 CHANGI SOUTH AVENUE 2 TSK BUILDING, SINGAPORE 486153  "
101 UPPER CROSS STREET #05-07  PEOPLE'S PARK CENTRE SINGAPORE 058357  
"SERVICE CO LTD NO 6 JING HUA ROAD ECONOMICAL & TECHNOLOGICAL  DEVELOPMENT ZONE KUNMING, YUNNAM, P.R CHINA "
2 BUKIT MERAH CENTRAL #11-01 SINGAPORE 159835  
2 BUKIT MERAH CENTRAL #04-03 SINGAPORE 159835  
"3 SHENTON WAY, SHENTON HOUSE, #15-09 SINGAPORE 068805 "
138 CECIL STREET #08-01 CECIL COURT  SINGAPORE 069538  
"525 W AVENUE L, UNIT A CALIMESA, CALIFORNIA, 92320 U.S.A  "
"24 SANGIORGIO COURT, OSBORNE, WA 6017 AUSTRALIA   "
UNIT 4A 5 MUMFORD PLACE BALCATTA  WA 6021 AUSTRALIA  
36 PENJURU ROAD SINGAPORE 609149  
"11, PEMIMPIN DRIVE #13-04 SINGAPORE 576148  "
BLK 4010 ANG MO KIO AVE 10 TECHPLACE 1 #02-12 SINGAPORE 569626 
729 NORTH BRIDGE ROAD SINGAPORE 198697  
1 CHANGI NORTH WAY SINGAPORE 498802  
"102F PASIR PANJANG ROAD, #01-08 CITILINKS WAREHOUSE COMPLEX SINGAPORE 118530 "
124 GEYLANG LOR 23 #08-02 ARCPHERE SINGAPORE 388405  
"SUITE 9, 177- 179 DAVY STREET, BOORAGOON WA 6154, AUSTRALIA  "
"#72-6,YONGJEON-DONG, DONG-GU DAEJEON, KOREA  "
Blk1 Yishun Street 23 #06-16 YS ONE Singapore 768441  
11 SIMS DRIVE #02-01 SCN CENTRE SINGAPORE 387385   
120 PIONEER ROAD SINGAPORE 639597  
"9 AIRLINE ROAD, #04-14 CARGO AGENTES BUILDING D BOX 538 CHANGI AIRFRIEGHT CENTRE SINGAPORE 918102"
42 MUNIBUNG ROAD CARDIFF NSW 2285 
"PO BOX 103, MOUNT HAWTHORN  WA 6915 PERTH, AUSTRALIA "
6 PENJURU ROAD SINGAPORE 609123  
"8 UBI ROAD 2, #07-01 SINGAPORE 408538  "
6 TOH GUAN ROAD EAST #01-07B JURONG EAST WAREHOUSE COMPLEX SINGAPORE 608826
CRAWFORD ROAD PO BOX 883 SINGAPORE 911913 
"NO 6 TOH GUAN ROAD EAST #01-07 , SINGAPORE 608826 ATTN : ACCOUNTS/FINANCE DEPT "
200 CANTONMENT ROAD 10-00 SOUTHPOINT SINGAPORE 089763 
19 JURONG PORT ROAD SINGAPORE  
8 shenton way #16-01 AXA TOWER SINGAPORE 068811 
"NO 55 SHIPYARD ROAD, SINGAPORE 628141.  "
19 PANDAN ROAD SINGAPORE 609271  
C/O SEE HUP SENG PTE LTD 81 TUAS SOUTH STREET 5 SINGAPORE 637651 
"MENARA BANK DANAMON LT 15 JI PROF DR SATRIO KAV E.IV/6 KUNINGAN TIMUR, JAKARTA 12950 INSONES "
"NO.6 CHANGI SOUTH STREET 2, #07-01 SINGAPORE 486349  "
"BLK 211 HENDERSON ROAD, #05-02, HENDERSON INDUSTRIAL PARK, SINGAPORE 159552  "
BLK 511 KEPPEL DISTRIPARK #01-117 KAMPONG BAHRU ROAD SINGAPORE 099447 
10 UBI CRESCENT  #06-52 UBI TECHPARK SINGAPORE 408564  
#01-01 GB BUILDING SINGAPORE 069542  
BLK 408 SING MING AVENUE #08-201 SINGAPORE 570408  
31 JURONG PORT ROAD #05-10M JURONG LOGISTICS HUB SINGAPORE 619115 
165 BUKIT MERAH CENTRAL #06-3675 SINGAPORE 150165  
"FREIGHT FORWARDING , SUPPLY MAN POWER & TRADING  JL. DUYUNG, PASAR ANGKASA, RUKO DC MALL - BATAM  "
"UNIT 5B, LEMONGRASS VILLAS, SECTION 201 ALLOTMENT 5, SAVANNAH HEIGHTS,HOHOLA PORT MORESBY,NCD,PAPUA NEW GUINEA "
39 NEIL ROAD SINGAPORE 088823  
120 LOWER DELTA ROAD CENDEX CENTRE #06-09 SINGAPORE 169208  
NO 5 TUAS AVE 3 BS LOGISTICS HUB SINGAPORE 639405  
"6354 VISCOUNT ROAD MISSISSAUGA, ONTARIO L4V 1H3  CANADA "
"10, BUROH STREET, #01-15,  WEST CONNECT BUILDING, SINGAPORE 627564  "
50 BUKIT BATOK STREET 23 #04-27 MIDVIEW BUILDING SINGAPORE 659578  
"JAKARTA DISTRICT OFFICE  CILANDAK COMMERCIAL ESTATE PASAR MINGGU, KOTA JAKARTA SELATAN, DKI JAKARTA 12560, INDONESIA"
200 TEXTILE CENTRE JALAN SULTAN #03-36  SINGAPORE 199018  
"CATERPILLARSTR.1, 44149 DORTMUND GERMANY "
"SBS TOWER 14F,4-10-1,YOGA,SETAGAYA-KU, TOKYO 158-0097 ATTN  : SAKIKO OKAMURA "
"#03-03 CARGO AGENT BLDG 'E' P.O BOX 530,  CHANGI AIRFREIGHT CENTRE  "
"ROBINSON ROAD, PO BOX 3060 SINGAPORE 905060  "
"235 RUE DENIS PAPIN, BP 137 F-38093 VILLEFONTAINE CEDEX,FRANCE  "
"80,Alps Avenue,#02-01/02/03 Singapore 498792    "
31 KRANJI LINK  SINGAPORE 728666  
60 ALBERT STREET #14-08 OG ALBERT COMPLEX SINGAPORE 189969  
"KOMPLEK PASIR RIDGE PO BOX 276 BALIKPAPAN 76102 KALIMANTAN TIMUR, INDONESIA "
"GEDUNG TMT 1 LT.5, SUITE 502 JL CILANDAK TIMUR JAKARTA 12560 SELATAN "
6A TOH GUAN ROAD EAST SINGAPORE 608502  
23 TUAS AVENUE 2 SINGAPORE 639454   
"LEEMASTERS INTERNATIONAL SYSTEMS, INC 9 VIRGINIA STREET CARMEL 1, QUEZON CITY, 1106  METRO MANILA, PHILIPPINES "
30 JALAN TERUSAN  SINGAPORE 619305  
"No.10 Jalan Kilang, #04-01/02, Sime Darby Enterprise Centre Singapore 159410 "
"GEDUNG TMT 1, 7TH FLOOR SUITE 701 JL CILANDAK KKO NO 1  "
Jl. YOS SUDARSO BATU AMPAR RIAU 9432 - BATAM ATTN : MR ZULHAM 
8 MARINA VIEW #16-01 ASIA SQUARE TOWER 1  SINGAPORE 018960
"LIPPELTSTRASSE 1 20097 HAMBURG, GERMANY  "
9 North Buona Vista Drive #14-01 The Metropolis (Tower 1) Singapore 138588  (FOR PAYMENT - CASHIER COUNTER) 
1 BUROH CRESCENT SINGAPORE 627545  
"7fl-2, NO.216, SZUWEI 4TH RD., LIN YA DIST., TAIWAN  "
6 TOH GUAN RD EAST #01-07 SINGAPORE 608826 
AV CLL 26 N 96 J-90  EDIF OPTIMUS OFICINA  401 BOGOTA DC COLOMBIA 
6 TOH GUAN ROAD EAST #01-07B SINGAPORE 608826 
"C-13F, THE SILVABAY TOWER, NO.269 HAINING ROAD, SHANGHAI 200080  "
"2 BUKIT MERAH CENTRAL #20-01,  SINGAPORE 159835  "
"NO 7B KEPPEL ROAD  PSA TANJONG PAGAR COMPLEX, #08-08 TOWER BLOCK, SINGAPORE 089055 "
"7 AIRLINE ROAD, #01-22 CARGOE AGENTS BUILDING SINGAPORE 819834 "
11 KEPPEL ROAD #12-01/02 ABI PLAZA SINGAPORE 089057 
38 TANJONG PENJURU CWT LOGISTICS HUB 1  SINGAPORE 609039 
30 TOH GUAN ROAD #01-01A SINGAPORE 608840   
NO 1 CHANGI SOUTH STREET 2 LEVEL 4 DHL DISTRIBUTION CENTRE SINGAPORE 486760  
P.O BOX 2101 ROBINSON ROAD POST OFFICE  SINGAPORE 904101 
300 TAMPINES AVENUE 5 #07-07 NTUC INCOME TAMPINES JUNCTION SINGAPORE 529653
"#613, KOLON DIGITAL TOWER 308-4 SEONGSU-DONG 2GA,SEONGDONG-GU, SEOUL, KOREA "
"163, TRAS STREET, #07-04 LIAN HUAT BUILDING, SINGAPORE 079024  "
237 PANDAN LOOP #06-06 WESTECH BUILDING  SINGAPORE 128424 
57 CASHEW ROAD  SINGAPORE  
"100G PASIR PANJANG ROAD #08-19, LOBBY 2 @ INTERLOCAL CENTRE, SINGAPORE 118523  "
BUKIT PANJANG POST OFFICE P O BOX 300 SINGAPORE 916810  
"NO. 7B, 2ND FLOOR, PERSIARAN PEGAGA TAMAN BAYU PERDANA, 41200 KLANG SELANGOR DARUL EHSAN, MALAYSIA. "
"21 TOH GUAN ROAD EAST #08/13-14 , SINGAPORE 608609  "
"37, KALLANG PUDDING ROAD, #03-03B,  TONG LEE BUILDING BLOCK B, SINGAPORE 349315  "
10 ANSON ROAD #27-06A INTERNATIONAL PLAZA SNGAPORE 079903 
NO 7 AIRLINE ROAD #02-10A CARGO AGENTS E BOX  898 CHANGI AIRFREIGHT CENTRE SINGAPORE 918114 
"FILIALE PADOVA VIA INGHILTERRA, 10 I-35127 PADOVA (PD) ITALIA "
"P.O. BOX 118152 310, AW ROTAMANI BUILDING  "
"RM 331, FEMII BLDG., A SORIANO ST. INTRAMUROS, MANILA PHILIPPINES  "
"2040 Avenue C Bethlehem, PA 18018-2188 USA "
BLK 211 HENDERSON ROAD #03-03 HENDERSON INDUSTRIAL PARK SINGAPORE 159552 
"ROOM (908) BUILDING B SHANGFANG HARBOUR VIEW NO.4K WUWU ROAD, ZHONGSHAN DISTRICT, DALIAN, CHINA"
BLK 511 KAMPONG BAHRU ROAD #05-03 KEPPEL DISTRIPARK SINGAPORE 099447 
19 Almond Avenue Singapore 677760  
51 PENJURU ROAD #03-00 FREIGHT LINKS EXPRESS LOGISTICS CENTRE SINGAPORE 609143 
"P.O.BOX 17041 JEBEL ALI, DUBAI UNITED ARAB EMIRATES "
"50 TUAS AVENUE 1,  JURONG INDUSTRIAL ESTATE SINGAPORE 639527 "
"SG-Singapore 47 Changi South Ave 2, #04-01 Singapore 486148 "
25 WOODLANDS INDUSTRIAL PARK E1 #02-03 SINGAPORE 757743 
"NO 52 UBI AVE 3 , #05-33 FRONTIER SINGAPORE 408867  "
P.O. BOX 508 #07-15 BUILDING C 115 AIRPORT CARGO ROAD SINGAPORE 819466  
BLOCK 669 D JURONG WEST ST 64 #04-50 SINGAPORE 644669  
UNIT 105-19289 LANGLEY BYPASS CANADA V3S 6K1 SURREY  
"48, Tuas Road, Singapore 638500   "
"21 FADEM RD, UNIT#14 SPRINGFIELD NJ 07081   "
KOMPLEX PERKANTORAN BATU AMPAR KAV.143 PL BATAM INDONESIA   
8 TUAS AVE 18 SINGAPORE 638892  
619EAST COLLEGE AVE SUITE F DECATUR GA 30030  
GRUENER DEICH 15  20097 HAMBURG GERMANY 
"INTERNATIONAL AIR & OCEAN FREIGHT FORWARDER 1364-53 SOCHO 2 DONG, SOCHO GU  "
460 ALEXANDRA ROAD #07-02 PSA BUILDING  SINGAPORE 119963 
"NO.3 SHENTON WAY #11-03, SHENTON HOUSE SINGAPORE 068805  "
"20 GUL ROAD #04-00, SINGAPORE 629345  "
9 TUAS SOUTH STREET 9 #02-00 SINGAPORE 637103  
"1118 S NEENAH AVENUE  STURGEON BAY, WI 54235, USA  "
EDISONSTRABE 9 D-28816 STUHR  
"101 CECIL STREET #12-02 ,TONG ENG BUILDING  SINGAPORE 069533  "
79 ANSON ROAD #23-05 SINGAPORE 079906 
14 ROBINSON ROAD #03-01 FAR EAST FINANCE BUILDING SINGAPORE 048545  
2 SUNGEI KADUT DRIVE SINGAPORE 729553  
"NO. 54 , STREET 2004, SANGKAT KAKAB, KHAN POSENCHE PHNOM PENH, CAMBODIA  "
NO 5 PENJURU LANE SINGAPORE 609186  
6A TOH GUAN ROAD EAST SINGAPORE 608502  
"25-2, JALAN PJU 1/42A, DATARAN PRIMA 47301, PETALING JAYA SELANGOR DARUL EHSAN "
"SUITE 405 LEVEL1,  2 MAIN STREET POINT COOK VIC 3030, AUSTRALIA  "
HITIME INTERNATIONAL TOWER ROOM 1802 NO 888 NORTH SICHUAN ROAD HONGKOU DISTRICT  
6 TOH GUAN ROAD EAST #01-07B SINGAPORE 608826 
"NO. 40-02, JALAN PERMAS 10 BANDAR BARU PERMAS JAYA 81750 MASAI, JOHOR, MALAYSIA "
88/124 SOI VIPHAVADI-RANGSIT 72 SANAMBIN SUB-DISTRICT DON MUANG DISTRICT  BANGKOK 10210 THAILAND 
"Room 4079,Zoomlion Lugu Industry Park, No.677 Lugu Road,Lugu Dist,Changsha,Hunan,China. 410205 "
NO 34 BENOI ROAD SINGAPORE 629901  
"101 KITCHENER ROAD, #01-12/14, JALAN BESAR PLAZA SINGAPORE 208511  "
31 TUAS BASIN LINK SINGAPORE 638766  
27 WOODLANDS INDUSTRIAL PARK E1 #03-01 HIANGKIE INDUSTRIAL BUILDING  SINGAPORE 757718 
"UNIT NO 22. 4F INTERNATIONAL PLAZA 20 SHEUNG YUET ROAD KOWLOON BAY, HONGKONG "
137 TELOK AYER STREET #07-08 SINGAPORE 068602  
"76 PLAYFAIR ROAD, #03-05 (LOBBY 3), LHK 2 BUILDING SINGAPORE 367996  "
55 NEWTON ROAD REVENUE HOUSE SINGAPORE 307987 
79 ANSON ROAD #13-01 SINGAPORE 079906  
"B2, 6-10 DURDANS AV ROSEBERRY NSW 2018  AUSTRALIA  "
"BERGIUSSTRASSE 1, 28816 STUHR, STUHR, NI GERMANY 28816  "
SCHELLERDAMM 16 D-21079 HAMBURG GERMANY  
"11-7 HAMAMATSUCHO 1-CHOME, MINATO-KU, TOKYO 105-10013, JAPAN  "
"VIA MARMOLADA, 10-20162 MILANO, ITALY    "
162 GUL CIRCLE SINGAPORE 629620  
"9 North Buona Vista Drive,  #04-05 The Metropolis, Tower 1,  Singapore 138588 "
37 TANNERY LANE #04-08 TANNERY HOUSE SG 347790  
John Escritt Road  Bingley  ED16 2BS  West Yorkshire 
"F02-06 JALAN HARMONIUM 24/2,TAMAN DESA TERBAU 81100 JOHOR BAHRU,WEST MALAYSIA  "
"3791 JALAN BUKIT MERAH #06-09, E-CENTRE@REDHILL  SINGAPORE 159471 "
"SHENZHEN BRANCH ROOM 608-609 6TH FLOOR TOWER A LUSHAN BUILDING NO.3023  CHUNFENG ROAD SHENZHEN, CHINA"
"MANUFACTURING CO., LTD CIVIL SCIENCE AND TECHNOLOGY PARK DONGMING NORTH ROAD, ZHONGSHAN GUANGDONG, CHINA "
438 ALEXANDRA ROAD #12-02/03 ALEXANDRA POINT SINGAPORE 119958  
1 SUNVIEW ROAD #06-35 ECO-TECH @SUNVIEW SINGAPORE 627615  
"7, TIYU ROAD WEST, JUNHUI BLDG,  CENTRAL TOWER, 10TH Floor Guangzhou City, Guangdong Provice "
13A PANDAN CRESENT SINGAPORE 128478  
115 Airport Cargo Road #04-12 Changi Airfreight Centre PO Box 758 SINGAPORE 918109 
"#407,52, CHOONG KYOUNG-RO,  DEOKYANG-GU, GOYANG-SI, GYEONGGI-DO, KOREA  "
"RAFFINERIE D'ALGER SIDI ARCINE BARAKI,   BP 263 EI HARRACH-ALGER-ALGERIE  "
"25 TANJONG KLING ROAD,  SINGAPORE 628050  "
37 JURONG PORT RAOD SINGAPORE 619110  
"PLOT NO : 7250 MUKATASHA ROAD, LUSAKA ZAMBIA "
"Phum Trapaing Trob,Sangkat Boeung Thom,Khan Posenc   "
200 BEDOK SOUTH AVENUE 1 SINGAPORE 469331  
"11 KEPPEL ROAD #07-00,ABI PLAZA SINGAPORE 089057   "
200 CANTONMENT ROAD #16-02A SOUTHPOINT SINGAPORE 089763 
"3 SHENTON WAY, SHENTON HOUSE # 09 - 09, SINGAPORE 068805  "
"HEX578-20,CHUNGBUKJUNGANG-RO, CHUNGBUK-MYEON,PYEONGTAEK-SI GYEONGGI-DO,SOUTH KOREA "
"14 ROBINSON ROAD #08-01B, FAR EAST FINANCE  BUILDING, SINGAPORE 048545.  "
61 CLOVER AVENUE  SINGAPORE 579344  
1 SHIPYARD ROAD SINGAPORE 628128  
"9 VIRGINIA STREET CARMEL 2, QUEZON CITY 1106 METRO MANILA PHILIPPINES "
"2, JURONG EAST STREET 21, #02-184 IMM BUILDING, SINGAPORE 609601 "
"6 HARPER ROAD, #01-05/06, LEONG HUAT BUILDING  SINGAPORE 369674  "
66 SUNGEI KADUT LOOP #02-00 SINGAPORE 729503  
20 PENJURU PLACE SINGAPORE 608556  
22 SUNGEI KADUT LOOP SINGAPORE 729480  
315 OUTRAM ROAD #07-08 TAN BOON LIAT BUILDING SINGAPORE 169074  
61 BUKIT BATOK CRESCENT #06-03 TO #06-06 SINGAPORE 658078 
"17, SUNGEI KADUT STREET 3 SUNGEI KADUT INDUSTRIAL ESTATE SINGAPORE 729148 "
"2 INTERNATIONAL BUSINESS PARK #12-11,THE STRATEGY TOWER 1 SINGAPORE 609930 "
"GEDUNG KRESNA FL 2 JL. ARJUNA NO. 28, TOMANG TOL JAKARTA 11470 INDONESIA"
"GRAND SLIPI TOWER 16TH FLOOR, SUITE 16F JL.S.PARMAN KAV 22-24 JAKARTA BARAT 11480 INDONESIA "
1 PENJURU CLOSE SINGAPORE 608617   
NO 31 JURONG PORT TOAD #03-11M JURONG LOGISTICS HUB  SINGAPORE 619115 
VIA CECCARDI 2/1 GENOVA  16121 ITALY 
5 SHENTON WAY #16-03 UIC BUILDIGN  SINGAPORE 068808 
39B NEIL ROAD SINGAPORE 088823  
"FDH 139,BLDG B,OFFICE 201, PO BOX 261972, DUBAI UAE MPO Account Payable Department "
143 CECIL STREET #21-01  GB BUILDING SINGAPORE 069542 
#07-02 SGX CENTRE 1 2 SHENTON WAY SINGAPORE 068804 
50 CHANGI SOUTH STREET 1 BBR BUILDING  SINGAPORE 486126 
19 JOO KOON CRESCENT SINGAPORE 629017  
"91 Jalan Raja Perempuan Mazwin,Taman Rishah 30100 Ipoh, Perak Malaysia  "
"JLN BAWAL, BATU AMPAR, BATAM BATAM 29452,  PO BOX 02033, BATAM CENTRE "
48 TOH GUAN ROAD EAST #08-124 ENTERPRISE HUB SINGAPORE 608586  
"4 ROBINSON ROAD #03-01 THE HOUSE OF EDEN, SINGAPORE 048543  "
"199 PERSIARAN RAJA MUDA MUSA 42000 PORT KLANG, SELANGOR DARUL EHSAN, MALAYSIA "
NO 7 TUAS VIEW CIRCUIT SINGAPORE 637643   
"81 UBI AVE 4, #06-30 UB.ONE SINGAPORE 408830  "
"CELESTINE SHIBA MITSUI BUILDING, 3-23-1, SHIBA, MINATO-KU, TOKYO 105-0014, JAPAN "
"25 BENOI LANE, SINGAPORE 627800   "
"174 MAIN STREET SUITE 14 NASHUA, NEW HAMPSHIRE 03060,USA  "
18 HAVELOCK ROAD SINGAPORE 059764  
151 CHIN SWEE ROAD  #08-01 MANHATTAN HOUSE SINGAPORE 169876 
"3-25-31 NISHISHINBASHI, MINATO-KU, TOKYO, 105-0003 JAPAN  "
NO. 22 PANDAN ROAD SINGAPORE 609274  
"101 Thomson Road United Square, #06-01/06 Singapore 307591. "
NO 6 TUAS LOOP  SINGAPORE 637343  
6A TOH GUAN ROAD EAST SINGAPORE 608502  
JL. MERDEKA PELANTAR V BELAKANG PADANG BATAM  INDONESIA   
"NO 2, JALAN BESTARI 9/1, TAMAN NUSA BESTARI 81300 JB  "
"23 TUAS AVE 10, SINGAPORE 639149 NO 387/295 ROOM. 10(A), 10TH FLOOR CITH SHINE  TOWER CORNER OF BOGYOKE ROAD & BO AUNG  KYAW STREET KYAUKTADA TOWNSHIP YANGON MYANMAR"
"339/341, JALAN BESAR, SINGAPORE, 208984  "
"193 BEECHBORO RD SOUTH, EMBLETON WA 6062 AUSTRALIA  "
"196 PANDAN LOOP, #06-29 SUITE NO. 12  PANTECH BUSINESS HUB, SINGAPORE 128384  "
6A TOH GUAN ROAD EAST SINGAPORE 608502  
"6A TOH GUAN ROAD EAST,  SINGAPORE 608502  "
80 ROBINSON ROAD #17-01/01A SINGAPORE 068898  
16C #05-41 TUAS AVE 1 SINGAPORE 639535 JTC SPACE@TUAS 
22 PIONEER SECTOR SINGAPORE 628380  
19 Loyang Way #08-20 CHANGI LOGISTICS CENTRE Singapore 508724 
900 KEN MAR INDUSTRIAL PKWY BROADVIEW HLS OHIO 44147  
"7 AIRLINE ROAD #04-13/14/15  CARGO AGENTS BUILDING E CHANGI AIRFREIGHT CENTRE,SINGAPORE 819834 "
48 GUL CIRCLE JURONG SINGAPORE 629581  
"72 ANSON ROAD, #10-03  ANSON HOUSE SINGAPORE 079911 "
"79 ANSON ROAD, #14-00 SINGAPORE 079906  "
"79 ANSON ROAD, #14-00 SINGAPORE 079906  "
65 CHULIA STREET  OCBC CENTRE  SINGAPORE 049513 
"MENARA SATU SENTRA KELAPA GADING JL. BOULEVARD BARAT RAYA KELAPA GADING JAKARTA 14240, INDONESIA "
6A TOH GUAN ROAD EAST SINGAPORE 608502  
"GD.WismaRahardjaLT.8 Zona C Jl.TB.SimatupangNo.Kav.1 RT.008 RW.003  CilandakTimur, PasarMinggu, Jakarta Selatan DKI Jakarta,12560 "
KOMPLEK PERKANTORAN KAV.143 BATU AMPAR BATAM - INDONESIA  
"Blk 511 #05-01/06 Keppel Distripark Kampong Bahru Road, Singapore 099447   "
26 PIONEER CRESCENT #03-12  WEST PARK BIZCENTRAL  SINGAPORE 628558 
3 SHENTON WAY #03-03/04 SHENTON HOUSE  SINGAPORE 068805  
47 Kallang Pudding Road Crescent @ Kallang  #10-01/02 Singapore 349318 UEN 200200375M
"VIA DANTE ALIGHIERI 12, CASELLA POSTALE 1551, 6830 CHIASSO, SWITZERLAND  "
68 EDGEDALE PLAINS  #05-34 RIVER ISLES SINGAPORE 828733 
"JL. MAS SURYA NEGARA KAV. B2 KAWASAN TERPADU KABIL KELURUHAN BATU BESAR, BATAM, PO BOX 350/BATAM  CENTER 29400, INDONESIA "
GEDUNG ARTHA GRAHA LT. 7 SCBD LOT 25 JL. JEND SUDIRMAN KAV 52-53 SENAYAN KEBAYORAN BARU JAKARTA SELATAN DKI JAKARTA 
"JL.PETA BARAT NO.08,KEL PEGADUNGAN,KEC.KALIDERES  JAKARTA BARAT JAKARTA INDONESIA  "
"BLK 386 BUKIT BATOK WEST AVE 5 #10-358, SINGAPORE 650386  "
"11 KEPPEL ROAD, 8TH FLOOR, ABI PLAZA SINGAPORE 089057  "
23 TUAS AVE 10 SINGAPORE 639149  
BLK 512 CHAI CHEE LANE #05-13 BEDOK INDUSTRIAL ESTATE SINGAPORE 469028 
4 LENG KEE ROAD SIS BUILDING  #02-07 SINGAPORE 159088
1/7 AVENUE SAN FERNANDO  78884 SAINT-QUENTIN-YVELINES CEDEX  FRANCE 
"VINGVEIEN 1 #4050 SOLA P.O.BOX 752, SENTRUM 4004, STAVANGER, NORWAY. "
"KAWASAN INDUSTRI TUNAS 2, TIPE 2A KELURAHAN BELIAN, BATAM KOTA KEPRI - INDONESIA 29464 "
150 SOUTH BRIDGE ROAD #02-31 FOOK HAI BUILDING SINGAPORE 058727 
60 PAYA LEBAR ROAD #05-38 PAYA LEBAR SQUARE SINGAPORE 409051 
2 CHANGI SOUTH STREET 2 SINGAPORE 486759  
3191 MIKE COLLINS DR US-EAGAN MN 55121   
"BLOCK 50 UBI AVENUE, #03-24, THE FRONTIER, SINGAPORE 408866  "
101 ALPS AVENUE #03-01 SINGAPORE 498793  
"9 NORTH BUONA VISTA DRIVE  #04-05 THE METROPOLIS, TOWER 1,  SINGAPORE 138588 "
60 ALEXANDRA TERRANCE #10-22 THE COMTECH LOBBY D SINGAPORE 118502 
81 TUAS SOUTH STREET 5 SINGAPORE 637651  
"9F, PUSAN POST OFFICE B/D, 63TH,  JUNGANG-ROAD,600-013, BUSAN, KOREA  "
CHANGI AIRFREIGHT CENTRE P.O.BOX 969 SINGAPORE 918116 7 AIRLINE ROAD #04-07 CARGO AGENTS BUILDING E  #04-07(OFFICE) #03-07 (OPERATION & WAREHOUSE)
"No. 268 Zhuyan Road  Minghang Zone Pujiang Town  Shanghai 201112, China  "
"ROOM 2406, INTERNATIONAL CAPITAL PLAZA NO 1318, NORTH SICHUAN ROAD  SHANGHAI 200080 CHINA "
10 RAEBURN PARK #01-32 SINGAPORE 088702  
"31 JURONG PORT ROAD  JURONG LOGISTICS HUB, #04-10/11, SINGAPORE 619115  "
305 ALEXANDRA ROAD #05-05 VANTAGE AUTOMATIVE CENTRE SINGAPORE 159942 
3 CHURCH STREET #12-04 SAMSUNG HUB  SINGAPORE 049483 
"NO 2 TUAS BASIN LANE, SINGAPORE 637066  "
55 NEWTON ROAD  #10-01 REVENUE HOUS SINGAPORE 307987  
NO 12 BENOI SECTOR SINGAPORE 629846   
"CHOA CHU KANG CENTRAL POST OFFICE  PO BOX 264, SINGAPORE 916839  "
1 Marina Boulevard #16-01 One Marina Boulevard Singapore 018989
"ROOM 1208, DAERUNG POST TOWER II, 182-13,  GURO-DONG, GURO-GU, SEOUL, 152-790, KOREA  "
"ROOM E601 E602, BLDG 1, GANGXINDA YINXIN SQUARE, SONGBAI COMMUNITY, HENGGANG STREET, LONGGANG DISTRICT, SHENZHEN, CHINA "
BLK 125  BUKIT MERAH LANE 1 #04-176 SINGAPORE 150125  
PO BOX 307  HONIARA SI SOLOMON ISLANDS 
ORCHARD P.O. BOX 341 SINGAPORE 912312  
"BLK 4005 #01-99, DEPOT LANE, SINGAPORE 109759   "
"MARINA BAY FINANCIAL CENTRE TOWER 1, LEVEL 24 8 MARINA BOULEVARD SINGAPORE 018981"
"120 Lower Delta Road, #03- 03 Cendex Centre Singapore 169208  "
"NO 27, TUAS AVENUE 4 SINGAPORE 639377  "
10 ANSON ROAD #23-14T INTERNATIONAL PLAZA SINGAPORE 079903 
"7 Gul Drive, Singapore 629501.   "
"18, BENOI CRESCENT SINGAPORE 629981  "
"42 MUNIBUNG RD  CARDIFF NSW 2285, AUSTRALIA  "
2 PIONEER PLACE #01-01 SINGAPORE 627885   
9 GUL ROAD #01-03 SINGAPORE 629361  
"Suite 1801-05, 18/F Tower 2, China Hong Kong City 33 Canton Road, Tsim Sha Tsui, Kowloon Hong Kong  "
"7030, NORTHSTAR @ AMK ANG MO KIO AVE 5, #04-42 SINGAPORE 569880 "
BLK 2028 #01-288 BUKIT BATOK STREET 23  SINGAPORE 659533  
26 JALAN BUROH SINGAPORE 619482  
72 LOYANG WAY  SINGAPORE 508762  
9 Raffles Place #01-01 Republic Plaza Singapore 48619  
300 BEACH ROAD #28-01 THE CONCOURSE  SINGAPORE 199555 
"30th FLOOR,ROOM 3001,BANGKOK BUSINESS CENTER BLDG, 29 SOI EKAMAI, SUKHUMVIT 63 ROAD,  KLONGTON NUA, WATTANA, BANGKOK 10110, THAILAND "
9 JURONG TOWN HALL ROAD #03-35  TA HUB SINGAPORE 609431  
60 PIONEER ROAD LEVEL 6M  SINGAPORE 628509  
35 GUL DRIVE SINGAPORE 629483  
111 NEYTHAL ROAD SINGAPORE 628598  
70 ALPS AVENUE  #01-02  
8 UBI ROAD 2 05 - 31 ZERVEX  SINGAPORE 408538  
NO 6 TUAS AVENUE 2 SINGAPORE 639446  
"RUA MARTIRES DA PATRIA COMORO C/O TIMOR LODGE HOTEL, # VILLA 1  "
"133 NEW BRIDGE ROAD CHINATOWN POINT #10-06, SINGAPORE 059413 "
FRANZ-MOORFELD-STRASSE 24 D-33378 RHEDA-WIEDENBRUECK/GERMANY  
143 Cecil Street  #15-03 GB Building  Singapore 069542  
"1 MARITIME SQUARE, #10-26 HARBOUR FRONT CENTRE, SINGAPORE 099253 "
10 TUAS SOUTH STREET 13  SINGAPORE 637085  
POLSKA 19  GDYNIA 81-339 POLAND  
40 PENJURU LANE  #04-01 SINGAPORE 609216  
"Blk 194, Pandan Loop, #07-29, Pantech Business Hub,  Singapore 128383 "
"20 BUKIT BATOK CRESCENT, #05-02, ENTERPRISE CENTRE SINGAPORE 658080  "
"2 VENTURE DRIVE #17-23/24/25/26/27 VISION EXCHANGE, SINGAPORE 608526  "
DAPUR 12 SEI PELUNGGUT SAGULUNG BATAM - INDONESIA  
"UNIT 4 - MIAC, 1INTERNATIONAL DRIVE P.O.BOX 547 TULLAMARINE VIC 3043 AUSTRALIA "
"AV. SÃO GABRIEL 333, 17º ANDAR SAO PAULO, SP 01435-001, BRAZIL  "
Industriestr. 12/12a 28199 Bremen Germany 
"Kauppakartanonkatu 7a 73 ( from 1.6. on:  Asiakkaankatu 3, 2nd floor)  00930 Helsinki ( remain the same)  "
"370 W. Passaic Street, Suite 3000, Rochelle Park,  NJ 07662 USA  "
80 MARINE PARADE ROAD #15-04/09 PARKWAY PARADE SINGAPORE 449269 
"GEDUNG THE ENERGY LANTAI 31,SCBD LOT 11A, JL.JEND.SUDIRMAN KAV.52-53 JAKARTA SELATAN,12190 "
6A TOH GUAN ROAD EAST SINGAPORE 608502  
"Suite 06.01, Tower A, Rivergate Residence,  151-155 Ben Van Don, District 4,  Ho Chi Minh city, Viet Nam. "
8 COMMONWEALTH LANE #02-03 SINGAPORE 149555  
BLK 50 UBI AVE 3 #03-04 SINGAPORE 408866 
6A TOH GUAN ROAD EAST SINGAPORE 608502  
"2ND FLOOR PETROVIETNAM TOWER, 1-5 LE DIAN BLVD, DISTRICT 01,HO CHI MINH CITY  "
"33 JOO KOON CIRCLE, SINGAPORE 629111  "
1 KIM SENG PROMENADE #15-03 GREAT WORLD CITY SINGAPORE 237994 
1 KIM SENG PROMENADE #15-03 GREAT WORLD CITY  EAST TOWER SINGAPORE 237994
"10 HOE CHIANG ROAD #25-01, KEPPEL TOWER SINGAPORE 089315 "
KOMPLEX NAGOYA POINT BLOK G NO 2 BATAM ISLAND - KEPRI INDONESIA   
Entrepreneur Business Centre  18 Kaki Bukit Road 3 #02-05  Singapore 415978  
128-134 GREAT EASTERN HWY SOUTH GUILDFORD WA AUS 6055 
"No. 111 North Bridge Road, #05-42, Peninsula Plaza, Singapore 179098 "
INSURANCE AND REINSURANCE BROKERS 1 RAFFFLES QUAY #28-10 SOUTH TOWER SINGAPORE 048583
23 TUAS AVE 10 SINGAPORE 639149   
371 BEACH ROAD #19-02 SINGAPORE 199597 
"RM1810, HAO HAI GRAND HYATT BUILDING, NO. 2092,  SHENYAN ROAD, YANTIAN DISTRICT, SHENZHEN CHINA 518081 "
2 SHENTON WAY  #18-01 SGX CENTRE 1 SINGAPORE 068804 
NO 2 GUL STREET 1 SINGAPORE 629315  
